Season,Venue,Result,Metric,Value
2000/01,Home,Win,Fouls,16
2000/01,Away,Loss,Fouls,45
2000/01,Away,Draw,Fouls,13
2000/01,Home,Win,Fouls,20
2000/01,Home,Win,Fouls,34
2000/01,Away,Draw,Fouls,18
2000/01,Home,Draw,Fouls,32
2000/01,Away,Loss,Fouls,28
2000/01,Away,Win,Fouls,31
2000/01,Home,Win,Fouls,18
2000/01,Home,Win,Fouls,20
2000/01,Away,Loss,Fouls,36
2000/01,Home,Win,Fouls,22
2000/01,Away,Loss,Fouls,24
2000/01,Away,Loss,Fouls,32
2000/01,Home,Win,Fouls,19
2000/01,Home,Loss,Fouls,26
2000/01,Away,Win,Fouls,21
2000/01,Home,Win,Fouls,32
2000/01,Away,Loss,Fouls,16
2000/01,Home,Win,Fouls,13
2000/01,Away,Win,Fouls,17
2000/01,Home,Draw,Fouls,19
2000/01,Away,Draw,Fouls,30
2000/01,Home,Win,Fouls,15
2000/01,Away,Draw,Fouls,40
2000/01,Away,Loss,Fouls,16
2000/01,Home,Draw,Fouls,20
2000/01,Home,Win,Fouls,16
2000/01,Away,Draw,Fouls,25
2000/01,Home,Loss,Fouls,35
2000/01,Away,Win,Fouls,34
2000/01,Home,Win,Fouls,23
2000/01,Away,Win,Fouls,26
2000/01,Away,Win,Fouls,24
2000/01,Home,Win,Fouls,21
2000/01,Home,Draw,Fouls,35
2000/01,Away,Win,Fouls,20
2001/02,Home,Win,Fouls,25
2001/02,Away,Loss,Fouls,24
2001/02,Home,Loss,Fouls,33
2001/02,Away,Win,Fouls,29
2001/02,Home,Win,Fouls,21
2001/02,Away,Win,Fouls,37
2001/02,Home,Draw,Fouls,25
2001/02,Away,Win,Fouls,24
2001/02,Away,Win,Fouls,25
2001/02,Home,Win,Fouls,22
2001/02,Away,Draw,Fouls,27
2001/02,Home,Win,Fouls,21
2001/02,Away,Win,Fouls,23
2001/02,Home,Win,Fouls,17
2001/02,Home,Draw,Fouls,28
2001/02,Away,Loss,Fouls,25
2001/02,Home,Loss,Fouls,32
2001/02,Away,Win,Fouls,19
2001/02,Away,Draw,Fouls,13
2001/02,Home,Draw,Fouls,23
2001/02,Away,Loss,Fouls,19
2001/02,Away,Draw,Fouls,31
2001/02,Home,Draw,Fouls,27
2001/02,Away,Win,Fouls,31
2001/02,Home,Win,Fouls,30
2001/02,Away,Win,Fouls,23
2001/02,Away,Win,Fouls,6
2001/02,Home,Draw,Fouls,22
2001/02,Away,Win,Fouls,27
2001/02,Home,Win,Fouls,21
2001/02,Away,Win,Fouls,22
2001/02,Home,Win,Fouls,30
2001/02,Home,Win,Fouls,16
2001/02,Away,Win,Fouls,21
2001/02,Home,Win,Fouls,24
2001/02,Away,Loss,Fouls,20
2001/02,Home,Win,Fouls,21
2001/02,Home,Win,Fouls,18
2002/03,Away,Win,Fouls,14
2002/03,Home,Win,Fouls,19
2002/03,Away,Draw,Fouls,27
2002/03,Home,Draw,Fouls,32
2002/03,Home,Draw,Fouls,16
2002/03,Away,Win,Fouls,19
2002/03,Home,Win,Fouls,19
2002/03,Away,Win,Fouls,16
2002/03,Home,Win,Fouls,23
2002/03,Away,Win,Fouls,26
2002/03,Home,Win,Fouls,30
2002/03,Home,Win,Fouls,15
2002/03,Away,Loss,Fouls,18
2002/03,Home,Draw,Fouls,16
2002/03,Away,Loss,Fouls,23
2002/03,Home,Loss,Fouls,24
2002/03,Away,Loss,Fouls,26
2002/03,Away,Loss,Fouls,19
2002/03,Home,Draw,Fouls,34
2002/03,Home,Draw,Fouls,14
2002/03,Away,Draw,Fouls,29
2002/03,Away,Loss,Fouls,26
2002/03,Home,Draw,Fouls,29
2002/03,Away,Win,Fouls,18
2002/03,Home,Draw,Fouls,25
2002/03,Away,Win,Fouls,24
2002/03,Home,Draw,Fouls,28
2002/03,Away,Loss,Fouls,25
2002/03,Home,Win,Fouls,24
2002/03,Away,Win,Fouls,32
2002/03,Home,Win,Fouls,29
2002/03,Away,Loss,Fouls,32
2002/03,Home,Win,Fouls,26
2002/03,Away,Win,Fouls,33
2002/03,Home,Win,Fouls,18
2002/03,Away,Win,Fouls,18
2002/03,Home,Loss,Fouls,26
2002/03,Away,Loss,Fouls,30
2003/04,Home,Loss,Fouls,25
2003/04,Away,Draw,Fouls,23
2003/04,Home,Draw,Fouls,47
2003/04,Away,Win,Fouls,39
2003/04,Away,Win,Fouls,24
2003/04,Home,Win,Fouls,19
2003/04,Away,Loss,Fouls,20
2003/04,Home,Loss,Fouls,32
2003/04,Away,Loss,Fouls,32
2003/04,Home,Win,Fouls,24
2003/04,Away,Win,Fouls,23
2003/04,Home,Loss,Fouls,25
2003/04,Away,Draw,Fouls,31
2003/04,Home,Win,Fouls,41
2003/04,Away,Draw,Fouls,26
2003/04,Home,Loss,Fouls,14
2003/04,Home,Win,Fouls,28
2003/04,Away,Draw,Fouls,20
2003/04,Away,Win,Fouls,24
2003/04,Home,Win,Fouls,29
2003/04,Away,Loss,Fouls,27
2003/04,Away,Draw,Fouls,30
2003/04,Home,Draw,Fouls,18
2003/04,Away,Draw,Fouls,30
2003/04,Home,Win,Fouls,15
2003/04,Away,Draw,Fouls,24
2003/04,Away,Loss,Fouls,28
2003/04,Home,Win,Fouls,29
2003/04,Home,Win,Fouls,17
2003/04,Away,Draw,Fouls,35
2003/04,Away,Win,Fouls,34
2003/04,Home,Win,Fouls,26
2003/04,Away,Win,Fouls,23
2004/05,Away,Draw,Fouls,28
2004/05,Home,Win,Fouls,26
2004/05,Away,Loss,Fouls,29
2004/05,Home,Win,Fouls,20
2004/05,Away,Loss,Fouls,37
2004/05,Home,Win,Fouls,22
2004/05,Away,Loss,Fouls,34
2004/05,Away,Win,Fouls,26
2004/05,Home,Win,Fouls,20
2004/05,Away,Draw,Fouls,25
2004/05,Home,Loss,Fouls,36
2004/05,Home,Win,Fouls,30
2004/05,Away,Loss,Fouls,24
2004/05,Home,Win,Fouls,22
2004/05,Away,Draw,Fouls,20
2004/05,Away,Loss,Fouls,26
2004/05,Home,Draw,Fouls,15
2004/05,Home,Win,Fouls,31
2004/05,Away,Win,Fouls,25
2004/05,Home,Win,Fouls,18
2004/05,Home,Loss,Fouls,30
2004/05,Away,Win,Fouls,35
2004/05,Home,Loss,Fouls,37
2004/05,Away,Loss,Fouls,22
2004/05,Away,Win,Fouls,26
2004/05,Home,Win,Fouls,25
2004/05,Away,Loss,Fouls,26
2004/05,Away,Loss,Fouls,27
2004/05,Home,Draw,Fouls,25
2004/05,Home,Win,Fouls,28
2004/05,Home,Win,Fouls,19
2004/05,Away,Loss,Fouls,19
2004/05,Home,Draw,Fouls,12
2004/05,Away,Win,Fouls,18
2005/06,Away,Draw,Fouls,28
2005/06,Home,Win,Fouls,28
2005/06,Away,Draw,Fouls,29
2005/06,Home,Draw,Fouls,39
2005/06,Away,Draw,Fouls,28
2005/06,Home,Loss,Fouls,32
2005/06,Home,Win,Fouls,30
2005/06,Away,Loss,Fouls,23
2005/06,Home,Win,Fouls,28
2005/06,Away,Win,Fouls,27
2005/06,Home,Win,Fouls,15
2005/06,Away,Win,Fouls,26
2005/06,Away,Win,Fouls,25
2005/06,Home,Win,Fouls,31
2005/06,Home,Win,Fouls,28
2005/06,Home,Win,Fouls,22
2005/06,Away,Win,Fouls,43
2005/06,Home,Win,Fouls,20
2005/06,Away,Draw,Fouls,30
2005/06,Home,Win,Fouls,20
2005/06,Away,Loss,Fouls,32
2005/06,Home,Draw,Fouls,25
2005/06,Away,Loss,Fouls,31
2005/06,Away,Loss,Fouls,25
2005/06,Away,Win,Fouls,11
2005/06,Home,Win,Fouls,27
2005/06,Home,Win,Fouls,20
2005/06,Home,Draw,Fouls,19
2005/06,Away,Loss,Fouls,26
2005/06,Home,Win,Fouls,20
2005/06,Away,Win,Fouls,39
2005/06,Home,Win,Fouls,37
2005/06,Away,Win,Fouls,19
2005/06,Home,Win,Fouls,12
2005/06,Away,Win,Fouls,23
2005/06,Away,Win,Fouls,18
2005/06,Home,Win,Fouls,18
2005/06,Away,Win,Fouls,16
2006/07,Away,Draw,Fouls,26
2006/07,Home,Win,Fouls,21
2006/07,Away,Loss,Fouls,35
2006/07,Away,Loss,Fouls,30
2006/07,Home,Win,Fouls,25
2006/07,Home,Win,Fouls,21
2006/07,Away,Loss,Fouls,27
2006/07,Home,Draw,Fouls,21
2006/07,Away,Loss,Fouls,35
2006/07,Home,Win,Fouls,28
2006/07,Home,Win,Fouls,22
2006/07,Away,Loss,Fouls,19
2006/07,Away,Draw,Fouls,17
2006/07,Home,Win,Fouls,29
2006/07,Home,Draw,Fouls,26
2006/07,Away,Win,Fouls,23
2006/07,Home,Win,Fouls,15
2006/07,Away,Win,Fouls,14
2006/07,Home,Win,Fouls,27
2006/07,Away,Loss,Fouls,19
2006/07,Away,Win,Fouls,26
2006/07,Home,Win,Fouls,30
2006/07,Away,Win,Fouls,19
2006/07,Home,Win,Fouls,27
2006/07,Away,Win,Fouls,19
2006/07,Home,Draw,Fouls,31
2006/07,Away,Loss,Fouls,23
2006/07,Home,Win,Fouls,21
2006/07,Home,Loss,Fouls,23
2006/07,Away,Draw,Fouls,23
2006/07,Home,Win,Fouls,25
2006/07,Away,Win,Fouls,26
2006/07,Away,Draw,Fouls,27
2006/07,Home,Win,Fouls,21
2006/07,Home,Win,Fouls,20
2006/07,Away,Loss,Fouls,19
2006/07,Away,Loss,Fouls,32
2006/07,Home,Draw,Fouls,17
2007/08,Away,Win,Fouls,29
2007/08,Home,Draw,Fouls,27
2007/08,Away,Win,Fouls,24
2007/08,Home,Win,Fouls,24
2007/08,Away,Draw,Fouls,34
2007/08,Home,Draw,Fouls,13
2007/08,Away,Win,Fouls,21
2007/08,Home,Draw,Fouls,28
2007/08,Away,Win,Fouls,22
2007/08,Home,Draw,Fouls,26
2007/08,Away,Draw,Fouls,18
2007/08,Home,Win,Fouls,21
2007/08,Away,Win,Fouls,24
2007/08,Home,Win,Fouls,25
2007/08,Away,Loss,Fouls,20
2007/08,Home,Loss,Fouls,27
2007/08,Home,Win,Fouls,24
2007/08,Away,Win,Fouls,18
2007/08,Away,Draw,Fouls,11
2007/08,Home,Draw,Fouls,29
2007/08,Away,Draw,Fouls,15
2007/08,Home,Draw,Fouls,26
2007/08,Away,Loss,Fouls,30
2007/08,Home,Win,Fouls,18
2007/08,Away,Draw,Fouls,32
2007/08,Home,Win,Fouls,19
2007/08,Away,Win,Fouls,21
2007/08,Home,Win,Fouls,24
2007/08,Home,Win,Fouls,15
2007/08,Home,Win,Fouls,29
2007/08,Away,Loss,Fouls,23
2007/08,Home,Win,Fouls,27
2007/08,Away,Draw,Fouls,20
2007/08,Home,Win,Fouls,22
2007/08,Away,Win,Fouls,19
2007/08,Away,Draw,Fouls,15
2007/08,Home,Win,Fouls,14
2007/08,Away,Win,Fouls,20
2008/09,Away,Win,Fouls,25
2008/09,Home,Win,Fouls,22
2008/09,Away,Draw,Fouls,22
2008/09,Home,Win,Fouls,28
2008/09,Home,Draw,Fouls,18
2008/09,Away,Win,Fouls,37
2008/09,Away,Win,Fouls,23
2008/09,Home,Win,Fouls,23
2008/09,Away,Win,Fouls,30
2008/09,Home,Win,Fouls,25
2008/09,Away,Loss,Fouls,31
2008/09,Home,Win,Fouls,18
2008/09,Away,Win,Fouls,14
2008/09,Home,Draw,Fouls,13
2008/09,Home,Draw,Fouls,12
2008/09,Away,Win,Fouls,20
2008/09,Home,Draw,Fouls,20
2008/09,Away,Draw,Fouls,31
2008/09,Home,Win,Fouls,19
2008/09,Away,Win,Fouls,18
2008/09,Away,Draw,Fouls,20
2008/09,Home,Draw,Fouls,34
2008/09,Away,Draw,Fouls,29
2008/09,Home,Win,Fouls,35
2008/09,Away,Win,Fouls,19
2008/09,Home,Draw,Fouls,23
2008/09,Away,Loss,Fouls,8
2008/09,Home,Win,Fouls,15
2008/09,Away,Win,Fouls,29
2008/09,Home,Win,Fouls,23
2008/09,Away,Win,Fouls,18
2008/09,Home,Win,Fouls,19
2008/09,Home,Draw,Fouls,22
2008/09,Away,Win,Fouls,29
2008/09,Home,Win,Fouls,14
2008/09,Away,Win,Fouls,27
2008/09,Away,Win,Fouls,17
2008/09,Home,Win,Fouls,18
2009/10,Away,Loss,Fouls,30
2009/10,Home,Win,Fouls,19
2009/10,Home,Loss,Fouls,26
2009/10,Away,Win,Fouls,21
2009/10,Home,Win,Fouls,18
2009/10,Away,Win,Fouls,30
2009/10,Home,Win,Fouls,13
2009/10,Away,Loss,Fouls,31
2009/10,Away,Loss,Fouls,37
2009/10,Home,Win,Fouls,31
2009/10,Away,Loss,Fouls,23
2009/10,Home,Draw,Fouls,16
2009/10,Home,Draw,Fouls,22
2009/10,Away,Win,Fouls,27
2009/10,Away,Draw,Fouls,24
2009/10,Home,Loss,Fouls,35
2009/10,Home,Win,Fouls,23
2009/10,Away,Loss,Fouls,19
2009/10,Home,Win,Fouls,19
2009/10,Away,Win,Fouls,24
2009/10,Away,Draw,Fouls,24
2009/10,Home,Win,Fouls,28
2009/10,Away,Draw,Fouls,21
2009/10,Home,Win,Fouls,22
2009/10,Home,Win,Fouls,34
2009/10,Away,Loss,Fouls,32
2009/10,Away,Draw,Fouls,22
2009/10,Home,Win,Fouls,32
2009/10,Away,Loss,Fouls,29
2009/10,Home,Win,Fouls,25
2009/10,Away,Loss,Fouls,25
2009/10,Home,Win,Fouls,20
2009/10,Away,Draw,Fouls,23
2009/10,Home,Draw,Fouls,22
2009/10,Home,Win,Fouls,20
2009/10,Away,Win,Fouls,24
2009/10,Home,Loss,Fouls,14
2009/10,Away,Draw,Fouls,26
2010/11,Home,Draw,Fouls,28
2010/11,Away,Loss,Fouls,25
2010/11,Home,Win,Fouls,17
2010/11,Away,Draw,Fouls,17
2010/11,Away,Loss,Fouls,25
2010/11,Home,Draw,Fouls,22
2010/11,Home,Loss,Fouls,21
2010/11,Away,Loss,Fouls,19
2010/11,Home,Win,Fouls,29
2010/11,Away,Win,Fouls,28
2010/11,Home,Win,Fouls,32
2010/11,Away,Draw,Fouls,17
2010/11,Away,Loss,Fouls,24
2010/11,Home,Win,Fouls,16
2010/11,Away,Loss,Fouls,22
2010/11,Home,Win,Fouls,25
2010/11,Away,Loss,Fouls,32
2010/11,Home,Loss,Fouls,19
2010/11,Home,Win,Fouls,27
2010/11,Away,Loss,Fouls,27
2010/11,Away,Loss,Fouls,19
2010/11,Home,Draw,Fouls,33
2010/11,Away,Win,Fouls,23
2010/11,Home,Win,Fouls,21
2010/11,Home,Win,Fouls,14
2010/11,Away,Win,Fouls,18
2010/11,Home,Draw,Fouls,28
2010/11,Away,Loss,Fouls,18
2010/11,Home,Win,Fouls,24
2010/11,Away,Win,Fouls,18
2010/11,Away,Loss,Fouls,25
2010/11,Home,Win,Fouls,9
2010/11,Away,Draw,Fouls,26
2010/11,Home,Win,Fouls,19
2010/11,Home,Win,Fouls,25
2010/11,Away,Win,Fouls,29
2010/11,Home,Loss,Fouls,20
2010/11,Away,Loss,Fouls,24
2011/12,Home,Draw,Fouls,29
2011/12,Away,Win,Fouls,17
2011/12,Home,Win,Fouls,12
2011/12,Away,Loss,Fouls,25
2011/12,Away,Loss,Fouls,19
2011/12,Home,Win,Fouls,21
2011/12,Away,Win,Fouls,24
2011/12,Home,Draw,Fouls,19
2011/12,Home,Draw,Fouls,14
2011/12,Away,Win,Fouls,21
2011/12,Home,Draw,Fouls,18
2011/12,Away,Win,Fouls,24
2011/12,Home,Draw,Fouls,24
2011/12,Away,Loss,Fouls,21
2011/12,Home,Win,Fouls,17
2011/12,Away,Win,Fouls,19
2011/12,Away,Draw,Fouls,28
2011/12,Home,Draw,Fouls,20
2011/12,Home,Win,Fouls,18
2011/12,Away,Loss,Fouls,20
2011/12,Home,Draw,Fouls,17
2011/12,Away,Loss,Fouls,23
2011/12,Away,Win,Fouls,14
2011/12,Home,Draw,Fouls,17
2011/12,Away,Loss,Fouls,21
2011/12,Home,Loss,Fouls,20
2011/12,Away,Loss,Fouls,28
2011/12,Home,Win,Fouls,13
2011/12,Away,Loss,Fouls,14
2011/12,Home,Loss,Fouls,24
2011/12,Away,Loss,Fouls,21
2011/12,Home,Draw,Fouls,13
2011/12,Away,Win,Fouls,28
2011/12,Home,Loss,Fouls,18
2011/12,Away,Win,Fouls,13
2011/12,Home,Loss,Fouls,18
2011/12,Home,Win,Fouls,28
2011/12,Away,Loss,Fouls,10
2012/13,Away,Loss,Fouls,21
2012/13,Home,Draw,Fouls,17
2012/13,Home,Loss,Fouls,19
2012/13,Away,Draw,Fouls,28
2012/13,Home,Loss,Fouls,21
2012/13,Away,Win,Fouls,7
2012/13,Home,Draw,Fouls,25
2012/13,Home,Win,Fouls,19
2012/13,Away,Draw,Fouls,34
2012/13,Home,Draw,Fouls,23
2012/13,Away,Draw,Fouls,25
2012/13,Home,Win,Fouls,20
2012/13,Away,Draw,Fouls,16
2012/13,Away,Loss,Fouls,18
2012/13,Home,Win,Fouls,18
2012/13,Away,Win,Fouls,22
2012/13,Home,Loss,Fouls,15
2012/13,Home,Win,Fouls,19
2012/13,Away,Loss,Fouls,16
2012/13,Away,Win,Fouls,18
2012/13,Home,Win,Fouls,13
2012/13,Away,Loss,Fouls,30
2012/13,Home,Win,Fouls,18
2012/13,Away,Draw,Fouls,20
2012/13,Away,Draw,Fouls,21
2012/13,Home,Loss,Fouls,18
2012/13,Home,Win,Fouls,15
2012/13,Away,Win,Fouls,26
2012/13,Home,Win,Fouls,17
2012/13,Away,Loss,Fouls,20
2012/13,Away,Win,Fouls,17
2012/13,Home,Draw,Fouls,12
2012/13,Away,Draw,Fouls,17
2012/13,Home,Draw,Fouls,19
2012/13,Away,Win,Fouls,21
2012/13,Home,Draw,Fouls,20
2012/13,Away,Win,Fouls,12
2012/13,Home,Win,Fouls,10
2013/14,Home,Win,Fouls,22
2013/14,Away,Win,Fouls,17
2013/14,Home,Win,Fouls,30
2013/14,Away,Draw,Fouls,17
2013/14,Home,Loss,Fouls,15
2013/14,Away,Win,Fouls,18
2013/14,Home,Win,Fouls,17
2013/14,Away,Draw,Fouls,18
2013/14,Home,Win,Fouls,25
2013/14,Away,Loss,Fouls,18
2013/14,Home,Win,Fouls,22
2013/14,Away,Draw,Fouls,31
2013/14,Away,Loss,Fouls,26
2013/14,Home,Win,Fouls,16
2013/14,Home,Win,Fouls,21
2013/14,Away,Win,Fouls,32
2013/14,Home,Win,Fouls,24
2013/14,Away,Loss,Fouls,19
2013/14,Away,Loss,Fouls,34
2013/14,Home,Win,Fouls,30
2013/14,Away,Win,Fouls,18
2013/14,Home,Draw,Fouls,32
2013/14,Home,Win,Fouls,24
2013/14,Away,Draw,Fouls,28
2013/14,Home,Win,Fouls,28
2013/14,Away,Win,Fouls,16
2013/14,Home,Win,Fouls,20
2013/14,Away,Win,Fouls,16
2013/14,Away,Win,Fouls,25
2013/14,Away,Win,Fouls,25
2013/14,Home,Win,Fouls,20
2013/14,Home,Win,Fouls,18
2013/14,Away,Win,Fouls,19
2013/14,Home,Win,Fouls,16
2013/14,Away,Win,Fouls,26
2013/14,Home,Loss,Fouls,16
2013/14,Away,Draw,Fouls,19
2013/14,Home,Win,Fouls,24
2014/15,Home,Win,Fouls,19
2014/15,Away,Loss,Fouls,20
2014/15,Away,Win,Fouls,25
2014/15,Home,Loss,Fouls,19
2014/15,Away,Loss,Fouls,27
2014/15,Home,Draw,Fouls,17
2014/15,Home,Win,Fouls,27
2014/15,Away,Win,Fouls,25
2014/15,Home,Draw,Fouls,29
2014/15,Away,Loss,Fouls,21
2014/15,Home,Loss,Fouls,21
2014/15,Away,Loss,Fouls,31
2014/15,Home,Win,Fouls,20
2014/15,Away,Win,Fouls,21
2014/15,Home,Draw,Fouls,27
2014/15,Away,Loss,Fouls,27
2014/15,Home,Draw,Fouls,20
2014/15,Away,Win,Fouls,12
2014/15,Home,Win,Fouls,13
2014/15,Home,Draw,Fouls,23
2014/15,Away,Win,Fouls,23
2014/15,Away,Win,Fouls,24
2014/15,Home,Win,Fouls,24
2014/15,Away,Draw,Fouls,18
2014/15,Home,Win,Fouls,30
2014/15,Away,Win,Fouls,25
2014/15,Home,Win,Fouls,24
2014/15,Home,Win,Fouls,22
2014/15,Away,Win,Fouls,29
2014/15,Home,Loss,Fouls,31
2014/15,Away,Loss,Fouls,16
2014/15,Home,Win,Fouls,25
2014/15,Away,Draw,Fouls,23
2014/15,Away,Loss,Fouls,20
2014/15,Home,Win,Fouls,27
2014/15,Away,Draw,Fouls,24
2014/15,Home,Loss,Fouls,27
2014/15,Away,Loss,Fouls,17
2015/16,Away,Win,Fouls,25
2015/16,Home,Win,Fouls,29
2015/16,Away,Draw,Fouls,15
2015/16,Home,Loss,Fouls,28
2015/16,Away,Loss,Fouls,17
2015/16,Home,Draw,Fouls,17
2015/16,Home,Win,Fouls,21
2015/16,Away,Draw,Fouls,29
2015/16,Away,Draw,Fouls,26
2015/16,Home,Draw,Fouls,19
2015/16,Away,Win,Fouls,30
2015/16,Home,Loss,Fouls,13
2015/16,Away,Win,Fouls,18
2015/16,Home,Win,Fouls,18
2015/16,Away,Loss,Fouls,16
2015/16,Home,Draw,Fouls,17
2015/16,Away,Loss,Fouls,15
2015/16,Home,Win,Fouls,19
2015/16,Away,Win,Fouls,24
2015/16,Away,Loss,Fouls,19
2015/16,Home,Draw,Fouls,16
2015/16,Home,Loss,Fouls,24
2015/16,Away,Win,Fouls,24
2015/16,Away,Loss,Fouls,13
2015/16,Home,Draw,Fouls,16
2015/16,Away,Win,Fouls,19
2015/16,Home,Win,Fouls,28
2015/16,Away,Win,Fouls,28
2015/16,Away,Loss,Fouls,23
2015/16,Home,Draw,Fouls,22
2015/16,Home,Win,Fouls,28
2015/16,Away,Win,Fouls,18
2015/16,Home,Win,Fouls,19
2015/16,Home,Draw,Fouls,25
2015/16,Away,Loss,Fouls,25
2015/16,Home,Win,Fouls,25
2015/16,Home,Draw,Fouls,23
2015/16,Away,Draw,Fouls,25
2016/17,Away,Win,Fouls,30
2016/17,Away,Loss,Fouls,19
2016/17,Away,Draw,Fouls,28
2016/17,Home,Win,Fouls,12
2016/17,Away,Win,Fouls,19
2016/17,Home,Win,Fouls,16
2016/17,Away,Win,Fouls,20
2016/17,Home,Draw,Fouls,34
2016/17,Home,Win,Fouls,22
2016/17,Away,Win,Fouls,20
2016/17,Home,Win,Fouls,24
2016/17,Away,Draw,Fouls,19
2016/17,Home,Win,Fouls,14
2016/17,Away,Loss,Fouls,26
2016/17,Home,Draw,Fouls,15
2016/17,Away,Win,Fouls,25
2016/17,Away,Win,Fouls,22
2016/17,Home,Win,Fouls,15
2016/17,Home,Win,Fouls,24
2016/17,Away,Draw,Fouls,20
2016/17,Away,Draw,Fouls,30
2016/17,Home,Loss,Fouls,14
2016/17,Home,Draw,Fouls,21
2016/17,Away,Loss,Fouls,21
2016/17,Home,Win,Fouls,28
2016/17,Away,Loss,Fouls,13
2016/17,Home,Win,Fouls,23
2016/17,Home,Win,Fouls,28
2016/17,Away,Draw,Fouls,21
2016/17,Home,Win,Fouls,27
2016/17,Home,Draw,Fouls,19
2016/17,Away,Win,Fouls,18
2016/17,Away,Win,Fouls,24
2016/17,Home,Loss,Fouls,18
2016/17,Away,Win,Fouls,20
2016/17,Home,Draw,Fouls,13
2016/17,Away,Win,Fouls,15
2016/17,Home,Win,Fouls,21
2017/18,Away,Draw,Fouls,22
2017/18,Home,Win,Fouls,25
2017/18,Home,Win,Fouls,15
2017/18,Away,Loss,Fouls,19
2017/18,Home,Draw,Fouls,16
2017/18,Away,Win,Fouls,27
2017/18,Away,Draw,Fouls,17
2017/18,Home,Draw,Fouls,20
2017/18,Away,Loss,Fouls,10
2017/18,Home,Win,Fouls,18
2017/18,Away,Win,Fouls,22
2017/18,Home,Win,Fouls,24
2017/18,Home,Draw,Fouls,17
2017/18,Away,Win,Fouls,18
2017/18,Away,Win,Fouls,15
2017/18,Home,Draw,Fouls,19
2017/18,Home,Draw,Fouls,22
2017/18,Away,Win,Fouls,15
2017/18,Away,Draw,Fouls,20
2017/18,Home,Win,Fouls,13
2017/18,Home,Win,Fouls,10
2017/18,Away,Win,Fouls,16
2017/18,Home,Win,Fouls,17
2017/18,Away,Loss,Fouls,14
2017/18,Away,Win,Fouls,16
2017/18,Home,Draw,Fouls,24
2017/18,Away,Win,Fouls,13
2017/18,Home,Win,Fouls,14
2017/18,Home,Win,Fouls,16
2017/18,Away,Loss,Fouls,26
2017/18,Home,Win,Fouls,9
2017/18,Away,Win,Fouls,14
2017/18,Away,Draw,Fouls,19
2017/18,Home,Win,Fouls,18
2017/18,Away,Draw,Fouls,17
2017/18,Home,Draw,Fouls,21
2017/18,Away,Loss,Fouls,21
2017/18,Home,Win,Fouls,9
2018/19,Home,Win,Fouls,23
2018/19,Away,Win,Fouls,19
2018/19,Home,Win,Fouls,22
2018/19,Away,Win,Fouls,21
2018/19,Away,Win,Fouls,33
2018/19,Home,Win,Fouls,17
2018/19,Away,Draw,Fouls,16
2018/19,Home,Draw,Fouls,20
2018/19,Away,Win,Fouls,15
2018/19,Home,Win,Fouls,10
2018/19,Away,Draw,Fouls,14
2018/19,Home,Win,Fouls,20
2018/19,Away,Win,Fouls,25
2018/19,Home,Win,Fouls,19
2018/19,Away,Win,Fouls,13
2018/19,Away,Win,Fouls,20
2018/19,Home,Win,Fouls,20
2018/19,Away,Win,Fouls,10
2018/19,Home,Win,Fouls,16
2018/19,Home,Win,Fouls,21
2018/19,Away,Loss,Fouls,19
2018/19,Away,Win,Fouls,20
2018/19,Home,Win,Fouls,14
2018/19,Home,Draw,Fouls,19
2018/19,Away,Draw,Fouls,20
2018/19,Home,Win,Fouls,20
2018/19,Away,Draw,Fouls,32
2018/19,Home,Win,Fouls,12
2018/19,Away,Draw,Fouls,22
2018/19,Home,Win,Fouls,11
2018/19,Away,Win,Fouls,18
2018/19,Home,Win,Fouls,13
2018/19,Away,Win,Fouls,15
2018/19,Home,Win,Fouls,14
2018/19,Away,Win,Fouls,11
2018/19,Home,Win,Fouls,19
2018/19,Away,Win,Fouls,14
2018/19,Home,Win,Fouls,14
2019/20,Home,Win,Fouls,18
2019/20,Away,Win,Fouls,16
2019/20,Home,Win,Fouls,13
2019/20,Away,Win,Fouls,26
2019/20,Home,Win,Fouls,9
2019/20,Away,Win,Fouls,21
2019/20,Away,Win,Fouls,12
2019/20,Home,Win,Fouls,26
2019/20,Away,Draw,Fouls,20
2019/20,Home,Win,Fouls,20
2019/20,Away,Win,Fouls,21
2019/20,Home,Win,Fouls,15
2019/20,Away,Win,Fouls,15
2019/20,Home,Win,Fouls,13
2019/20,Home,Win,Fouls,30
2019/20,Away,Win,Fouls,11
2019/20,Home,Win,Fouls,14
2019/20,Away,Win,Fouls,12
2019/20,Home,Win,Fouls,10
2019/20,Home,Win,Fouls,13
2019/20,Away,Win,Fouls,12
2019/20,Home,Win,Fouls,17
2019/20,Away,Win,Fouls,17
2019/20,Away,Win,Fouls,12
2019/20,Home,Win,Fouls,24
2019/20,Away,Win,Fouls,16
2019/20,Home,Win,Fouls,14
2019/20,Away,Loss,Fouls,12
2019/20,Home,Win,Fouls,22
2019/20,Away,Draw,Fouls,27
2019/20,Home,Win,Fouls,12
2019/20,Away,Loss,Fouls,15
2019/20,Home,Win,Fouls,26
2019/20,Away,Win,Fouls,22
2019/20,Home,Draw,Fouls,11
2019/20,Away,Loss,Fouls,24
2019/20,Home,Win,Fouls,19
2019/20,Away,Win,Fouls,16
2020/21,Home,Win,Fouls,15
2020/21,Away,Win,Fouls,16
2020/21,Home,Win,Fouls,18
2020/21,Away,Loss,Fouls,17
2020/21,Away,Draw,Fouls,24
2020/21,Home,Win,Fouls,22
2020/21,Home,Win,Fouls,27
2020/21,Away,Draw,Fouls,30
2020/21,Home,Win,Fouls,21
2020/21,Away,Draw,Fouls,22
2020/21,Home,Win,Fouls,22
2020/21,Away,Draw,Fouls,14
2020/21,Home,Win,Fouls,17
2020/21,Away,Win,Fouls,16
2020/21,Home,Draw,Fouls,13
2020/21,Away,Draw,Fouls,22
2020/21,Away,Loss,Fouls,17
2020/21,Home,Draw,Fouls,21
2020/21,Home,Loss,Fouls,19
2020/21,Away,Win,Fouls,20
2020/21,Away,Win,Fouls,15
2020/21,Home,Loss,Fouls,18
2020/21,Home,Loss,Fouls,21
2020/21,Away,Loss,Fouls,15
2020/21,Home,Loss,Fouls,20
2020/21,Away,Win,Fouls,18
2020/21,Home,Loss,Fouls,17
2020/21,Home,Loss,Fouls,18
2020/21,Away,Win,Fouls,27
2020/21,Away,Win,Fouls,20
2020/21,Home,Win,Fouls,27
2020/21,Away,Draw,Fouls,32
2020/21,Home,Draw,Fouls,16
2020/21,Home,Win,Fouls,16
2020/21,Away,Win,Fouls,22
2020/21,Away,Win,Fouls,21
2020/21,Away,Win,Fouls,17
2020/21,Home,Win,Fouls,18
2021/22,Away,Win,Fouls,18
2021/22,Home,Win,Fouls,18
2021/22,Home,Draw,Fouls,17
2021/22,Away,Win,Fouls,17
2021/22,Home,Win,Fouls,28
2021/22,Away,Draw,Fouls,15
2021/22,Home,Draw,Fouls,22
2021/22,Away,Win,Fouls,14
2021/22,Away,Win,Fouls,18
2021/22,Home,Draw,Fouls,13
2021/22,Away,Loss,Fouls,17
2021/22,Home,Win,Fouls,27
2021/22,Home,Win,Fouls,21
2021/22,Away,Win,Fouls,24
2021/22,Away,Win,Fouls,11
2021/22,Home,Win,Fouls,19
2021/22,Home,Win,Fouls,13
2021/22,Away,Draw,Fouls,23
2021/22,Away,Loss,Fouls,19
2021/22,Away,Draw,Fouls,18
2021/22,Home,Win,Fouls,12
2021/22,Away,Win,Fouls,22
2021/22,Home,Win,Fouls,18
2021/22,Away,Win,Fouls,13
2021/22,Home,Win,Fouls,15
2021/22,Home,Win,Fouls,16
2021/22,Home,Win,Fouls,14
2021/22,Away,Win,Fouls,27
2021/22,Away,Win,Fouls,18
2021/22,Home,Win,Fouls,17
2021/22,Away,Draw,Fouls,20
2021/22,Home,Win,Fouls,9
2021/22,Home,Win,Fouls,16
2021/22,Away,Win,Fouls,22
2021/22,Home,Draw,Fouls,20
2021/22,Away,Win,Fouls,22
2021/22,Away,Win,Fouls,12
2021/22,Home,Win,Fouls,9
2022/23,Away,Draw,Fouls,16
2022/23,Home,Draw,Fouls,15
2022/23,Away,Loss,Fouls,18
2022/23,Home,Win,Fouls,11
2022/23,Home,Win,Fouls,19
2022/23,Away,Draw,Fouls,18
2022/23,Home,Draw,Fouls,22
2022/23,Away,Loss,Fouls,22
2022/23,Home,Win,Fouls,17
2022/23,Home,Win,Fouls,17
2022/23,Away,Loss,Fouls,22
2022/23,Home,Loss,Fouls,12
2022/23,Away,Win,Fouls,18
2022/23,Home,Win,Fouls,16
2022/23,Away,Win,Fouls,19
2022/23,Home,Win,Fouls,23
2022/23,Away,Loss,Fouls,13
2022/23,Away,Loss,Fouls,23
2022/23,Home,Draw,Fouls,25
2022/23,Away,Loss,Fouls,16
2022/23,Home,Win,Fouls,24
2022/23,Away,Win,Fouls,11
2022/23,Away,Draw,Fouls,25
2022/23,Home,Win,Fouls,27
2022/23,Home,Win,Fouls,27
2022/23,Away,Loss,Fouls,16
2022/23,Away,Loss,Fouls,21
2022/23,Away,Draw,Fouls,23
2022/23,Home,Draw,Fouls,22
2022/23,Away,Win,Fouls,18
2022/23,Home,Win,Fouls,21
2022/23,Away,Win,Fouls,14
2022/23,Home,Win,Fouls,18
2022/23,Home,Win,Fouls,18
2022/23,Home,Win,Fouls,29
2022/23,Away,Win,Fouls,28
2022/23,Home,Draw,Fouls,29
2022/23,Away,Draw,Fouls,14
2023/24,Away,Draw,Fouls,17
2023/24,Home,Win,Fouls,24
2023/24,Away,Win,Fouls,26
2023/24,Home,Win,Fouls,19
2023/24,Away,Win,Fouls,14
2023/24,Home,Win,Fouls,25
2023/24,Away,Loss,Fouls,28
2023/24,Away,Draw,Fouls,32
2023/24,Home,Win,Fouls,18
2023/24,Home,Win,Fouls,22
2023/24,Away,Draw,Fouls,20
2023/24,Home,Win,Fouls,28
2023/24,Away,Draw,Fouls,20
2023/24,Home,Win,Fouls,13
2023/24,Away,Win,Fouls,20
2023/24,Away,Win,Fouls,34
2023/24,Home,Draw,Fouls,21
2023/24,Home,Draw,Fouls,27
2023/24,Away,Win,Fouls,17
2023/24,Home,Win,Fouls,31
2023/24,Away,Win,Fouls,21
2023/24,Home,Win,Fouls,31
2023/24,Away,Loss,Fouls,22
2023/24,Home,Win,Fouls,24
2023/24,Away,Win,Fouls,22
2023/24,Home,Win,Fouls,29
2023/24,Away,Win,Fouls,23
2023/24,Home,Draw,Fouls,16
2023/24,Home,Win,Fouls,26
2023/24,Home,Win,Fouls,15
2023/24,Away,Draw,Fouls,19
2023/24,Home,Loss,Fouls,20
2023/24,Away,Win,Fouls,16
2023/24,Away,Loss,Fouls,19
2023/24,Away,Draw,Fouls,18
2023/24,Home,Win,Fouls,26
2023/24,Away,Draw,Fouls,26
2023/24,Home,Win,Fouls,25
2024/25,Away,Win,Fouls,27
2024/25,Home,Win,Fouls,17
2024/25,Away,Win,Fouls,14
2024/25,Home,Loss,Fouls,21
2024/25,Home,Win,Fouls,22
2024/25,Away,Win,Fouls,24
2024/25,Away,Win,Fouls,22
2024/25,Home,Win,Fouls,25
2024/25,Away,Draw,Fouls,28
2024/25,Home,Win,Fouls,28
2024/25,Home,Win,Fouls,26
2024/25,Away,Win,Fouls,20
2024/25,Home,Win,Fouls,17
2024/25,Away,Draw,Fouls,26
2024/25,Home,Draw,Fouls,17
2024/25,Away,Win,Fouls,16
2024/25,Home,Win,Fouls,22
2024/25,Away,Win,Fouls,17
2024/25,Home,Draw,Fouls,23
2024/25,Away,Draw,Fouls,17
2024/25,Away,Win,Fouls,20
2024/25,Home,Win,Fouls,21
2024/25,Away,Win,Fouls,24
2024/25,Away,Draw,Fouls,29
2024/25,Home,Win,Fouls,28
2024/25,Away,Draw,Fouls,14
2024/25,Away,Win,Fouls,13
2024/25,Home,Win,Fouls,23
2024/25,Home,Win,Fouls,19
2024/25,Home,Win,Fouls,18
2024/25,Away,Loss,Fouls,19
2024/25,Home,Win,Fouls,23
2024/25,Away,Win,Fouls,18
2024/25,Home,Win,Fouls,25
2024/25,Away,Loss,Fouls,21
2000/01,Home,Win,YellowCards,2
2000/01,Away,Loss,YellowCards,6
2000/01,Away,Draw,YellowCards,0
2000/01,Home,Win,YellowCards,2
2000/01,Home,Win,YellowCards,7
2000/01,Away,Draw,YellowCards,2
2000/01,Home,Draw,YellowCards,4
2000/01,Away,Loss,YellowCards,2
2000/01,Away,Win,YellowCards,2
2000/01,Home,Win,YellowCards,3
2000/01,Home,Win,YellowCards,1
2000/01,Away,Loss,YellowCards,5
2000/01,Home,Win,YellowCards,1
2000/01,Away,Loss,YellowCards,3
2000/01,Away,Loss,YellowCards,5
2000/01,Home,Win,YellowCards,2
2000/01,Home,Loss,YellowCards,4
2000/01,Away,Win,YellowCards,1
2000/01,Home,Win,YellowCards,2
2000/01,Away,Loss,YellowCards,4
2000/01,Home,Win,YellowCards,1
2000/01,Away,Win,YellowCards,2
2000/01,Home,Draw,YellowCards,2
2000/01,Away,Draw,YellowCards,2
2000/01,Home,Win,YellowCards,1
2000/01,Away,Draw,YellowCards,8
2000/01,Away,Loss,YellowCards,2
2000/01,Home,Draw,YellowCards,4
2000/01,Home,Win,YellowCards,2
2000/01,Away,Draw,YellowCards,0
2000/01,Home,Loss,YellowCards,4
2000/01,Away,Win,YellowCards,6
2000/01,Home,Win,YellowCards,2
2000/01,Away,Win,YellowCards,4
2000/01,Away,Win,YellowCards,2
2000/01,Home,Win,YellowCards,2
2000/01,Home,Draw,YellowCards,5
2000/01,Away,Win,YellowCards,2
2001/02,Home,Win,YellowCards,6
2001/02,Away,Loss,YellowCards,4
2001/02,Home,Loss,YellowCards,4
2001/02,Away,Win,YellowCards,1
2001/02,Home,Win,YellowCards,1
2001/02,Away,Win,YellowCards,5
2001/02,Home,Draw,YellowCards,5
2001/02,Away,Win,YellowCards,3
2001/02,Away,Win,YellowCards,1
2001/02,Home,Win,YellowCards,0
2001/02,Away,Draw,YellowCards,2
2001/02,Home,Win,YellowCards,4
2001/02,Away,Win,YellowCards,3
2001/02,Home,Win,YellowCards,2
2001/02,Home,Draw,YellowCards,0
2001/02,Away,Loss,YellowCards,5
2001/02,Home,Loss,YellowCards,5
2001/02,Away,Win,YellowCards,1
2001/02,Away,Draw,YellowCards,1
2001/02,Home,Draw,YellowCards,5
2001/02,Away,Loss,YellowCards,1
2001/02,Away,Draw,YellowCards,2
2001/02,Home,Draw,YellowCards,1
2001/02,Away,Win,YellowCards,3
2001/02,Home,Win,YellowCards,3
2001/02,Away,Win,YellowCards,3
2001/02,Away,Win,YellowCards,0
2001/02,Home,Draw,YellowCards,2
2001/02,Away,Win,YellowCards,5
2001/02,Home,Win,YellowCards,0
2001/02,Away,Win,YellowCards,2
2001/02,Home,Win,YellowCards,2
2001/02,Home,Win,YellowCards,3
2001/02,Away,Win,YellowCards,3
2001/02,Home,Win,YellowCards,3
2001/02,Away,Loss,YellowCards,2
2001/02,Home,Win,YellowCards,2
2001/02,Home,Win,YellowCards,0
2002/03,Away,Win,YellowCards,4
2002/03,Home,Win,YellowCards,1
2002/03,Away,Draw,YellowCards,4
2002/03,Home,Draw,YellowCards,3
2002/03,Home,Draw,YellowCards,1
2002/03,Away,Win,YellowCards,4
2002/03,Home,Win,YellowCards,4
2002/03,Away,Win,YellowCards,0
2002/03,Home,Win,YellowCards,2
2002/03,Away,Win,YellowCards,3
2002/03,Home,Win,YellowCards,6
2002/03,Home,Win,YellowCards,0
2002/03,Away,Loss,YellowCards,1
2002/03,Home,Draw,YellowCards,1
2002/03,Away,Loss,YellowCards,1
2002/03,Home,Loss,YellowCards,5
2002/03,Away,Loss,YellowCards,6
2002/03,Away,Loss,YellowCards,2
2002/03,Home,Draw,YellowCards,7
2002/03,Home,Draw,YellowCards,2
2002/03,Away,Draw,YellowCards,4
2002/03,Away,Loss,YellowCards,4
2002/03,Home,Draw,YellowCards,3
2002/03,Away,Win,YellowCards,2
2002/03,Home,Draw,YellowCards,2
2002/03,Away,Win,YellowCards,1
2002/03,Home,Draw,YellowCards,2
2002/03,Away,Loss,YellowCards,3
2002/03,Home,Win,YellowCards,3
2002/03,Away,Win,YellowCards,2
2002/03,Home,Win,YellowCards,1
2002/03,Away,Loss,YellowCards,4
2002/03,Home,Win,YellowCards,3
2002/03,Away,Win,YellowCards,7
2002/03,Home,Win,YellowCards,1
2002/03,Away,Win,YellowCards,2
2002/03,Home,Loss,YellowCards,4
2002/03,Away,Loss,YellowCards,4
2003/04,Home,Loss,YellowCards,4
2003/04,Away,Draw,YellowCards,1
2003/04,Home,Draw,YellowCards,7
2003/04,Away,Win,YellowCards,6
2003/04,Away,Win,YellowCards,4
2003/04,Home,Win,YellowCards,0
2003/04,Away,Loss,YellowCards,3
2003/04,Home,Loss,YellowCards,4
2003/04,Away,Loss,YellowCards,4
2003/04,Home,Win,YellowCards,2
2003/04,Away,Win,YellowCards,2
2003/04,Home,Loss,YellowCards,3
2003/04,Away,Draw,YellowCards,4
2003/04,Home,Win,YellowCards,3
2003/04,Away,Draw,YellowCards,5
2003/04,Home,Loss,YellowCards,0
2003/04,Home,Win,YellowCards,2
2003/04,Away,Draw,YellowCards,3
2003/04,Away,Win,YellowCards,2
2003/04,Home,Win,YellowCards,5
2003/04,Away,Loss,YellowCards,2
2003/04,Away,Draw,YellowCards,3
2003/04,Home,Draw,YellowCards,1
2003/04,Away,Draw,YellowCards,5
2003/04,Home,Win,YellowCards,0
2003/04,Away,Draw,YellowCards,1
2003/04,Away,Loss,YellowCards,4
2003/04,Home,Win,YellowCards,1
2003/04,Home,Win,YellowCards,1
2003/04,Away,Draw,YellowCards,7
2003/04,Away,Win,YellowCards,3
2003/04,Home,Win,YellowCards,2
2003/04,Away,Win,YellowCards,2
2004/05,Away,Draw,YellowCards,4
2004/05,Home,Win,YellowCards,4
2004/05,Away,Loss,YellowCards,2
2004/05,Home,Win,YellowCards,0
2004/05,Away,Loss,YellowCards,3
2004/05,Home,Win,YellowCards,1
2004/05,Away,Loss,YellowCards,1
2004/05,Away,Win,YellowCards,4
2004/05,Home,Win,YellowCards,1
2004/05,Away,Draw,YellowCards,3
2004/05,Home,Loss,YellowCards,4
2004/05,Home,Win,YellowCards,4
2004/05,Away,Loss,YellowCards,5
2004/05,Home,Win,YellowCards,2
2004/05,Away,Draw,YellowCards,1
2004/05,Away,Loss,YellowCards,5
2004/05,Home,Draw,YellowCards,0
2004/05,Home,Win,YellowCards,3
2004/05,Away,Win,YellowCards,0
2004/05,Home,Win,YellowCards,3
2004/05,Home,Loss,YellowCards,4
2004/05,Away,Win,YellowCards,5
2004/05,Home,Loss,YellowCards,6
2004/05,Away,Loss,YellowCards,3
2004/05,Away,Win,YellowCards,0
2004/05,Home,Win,YellowCards,5
2004/05,Away,Loss,YellowCards,2
2004/05,Away,Loss,YellowCards,4
2004/05,Home,Draw,YellowCards,2
2004/05,Home,Win,YellowCards,5
2004/05,Home,Win,YellowCards,4
2004/05,Away,Loss,YellowCards,2
2004/05,Home,Draw,YellowCards,0
2004/05,Away,Win,YellowCards,1
2005/06,Away,Draw,YellowCards,5
2005/06,Home,Win,YellowCards,5
2005/06,Away,Draw,YellowCards,2
2005/06,Home,Draw,YellowCards,4
2005/06,Away,Draw,YellowCards,5
2005/06,Home,Loss,YellowCards,4
2005/06,Home,Win,YellowCards,3
2005/06,Away,Loss,YellowCards,2
2005/06,Home,Win,YellowCards,2
2005/06,Away,Win,YellowCards,4
2005/06,Home,Win,YellowCards,2
2005/06,Away,Win,YellowCards,2
2005/06,Away,Win,YellowCards,2
2005/06,Home,Win,YellowCards,3
2005/06,Home,Win,YellowCards,3
2005/06,Home,Win,YellowCards,1
2005/06,Away,Win,YellowCards,6
2005/06,Home,Win,YellowCards,0
2005/06,Away,Draw,YellowCards,5
2005/06,Home,Win,YellowCards,1
2005/06,Away,Loss,YellowCards,5
2005/06,Home,Draw,YellowCards,0
2005/06,Away,Loss,YellowCards,3
2005/06,Away,Loss,YellowCards,4
2005/06,Away,Win,YellowCards,2
2005/06,Home,Win,YellowCards,1
2005/06,Home,Win,YellowCards,2
2005/06,Home,Draw,YellowCards,2
2005/06,Away,Loss,YellowCards,2
2005/06,Home,Win,YellowCards,3
2005/06,Away,Win,YellowCards,5
2005/06,Home,Win,YellowCards,10
2005/06,Away,Win,YellowCards,0
2005/06,Home,Win,YellowCards,2
2005/06,Away,Win,YellowCards,5
2005/06,Away,Win,YellowCards,0
2005/06,Home,Win,YellowCards,0
2005/06,Away,Win,YellowCards,1
2006/07,Away,Draw,YellowCards,3
2006/07,Home,Win,YellowCards,1
2006/07,Away,Loss,YellowCards,4
2006/07,Away,Loss,YellowCards,5
2006/07,Home,Win,YellowCards,2
2006/07,Home,Win,YellowCards,1
2006/07,Away,Loss,YellowCards,3
2006/07,Home,Draw,YellowCards,4
2006/07,Away,Loss,YellowCards,4
2006/07,Home,Win,YellowCards,1
2006/07,Home,Win,YellowCards,2
2006/07,Away,Loss,YellowCards,5
2006/07,Away,Draw,YellowCards,0
2006/07,Home,Win,YellowCards,3
2006/07,Home,Draw,YellowCards,4
2006/07,Away,Win,YellowCards,4
2006/07,Home,Win,YellowCards,2
2006/07,Away,Win,YellowCards,2
2006/07,Home,Win,YellowCards,0
2006/07,Away,Loss,YellowCards,5
2006/07,Away,Win,YellowCards,0
2006/07,Home,Win,YellowCards,3
2006/07,Away,Win,YellowCards,0
2006/07,Home,Win,YellowCards,1
2006/07,Away,Win,YellowCards,2
2006/07,Home,Draw,YellowCards,3
2006/07,Away,Loss,YellowCards,2
2006/07,Home,Win,YellowCards,2
2006/07,Home,Loss,YellowCards,4
2006/07,Away,Draw,YellowCards,5
2006/07,Home,Win,YellowCards,4
2006/07,Away,Win,YellowCards,3
2006/07,Away,Draw,YellowCards,3
2006/07,Home,Win,YellowCards,1
2006/07,Home,Win,YellowCards,4
2006/07,Away,Loss,YellowCards,2
2006/07,Away,Loss,YellowCards,4
2006/07,Home,Draw,YellowCards,0
2007/08,Away,Win,YellowCards,6
2007/08,Home,Draw,YellowCards,9
2007/08,Away,Win,YellowCards,2
2007/08,Home,Win,YellowCards,1
2007/08,Away,Draw,YellowCards,5
2007/08,Home,Draw,YellowCards,2
2007/08,Away,Win,YellowCards,3
2007/08,Home,Draw,YellowCards,1
2007/08,Away,Win,YellowCards,3
2007/08,Home,Draw,YellowCards,6
2007/08,Away,Draw,YellowCards,1
2007/08,Home,Win,YellowCards,2
2007/08,Away,Win,YellowCards,4
2007/08,Home,Win,YellowCards,3
2007/08,Away,Loss,YellowCards,1
2007/08,Home,Loss,YellowCards,5
2007/08,Home,Win,YellowCards,3
2007/08,Away,Win,YellowCards,1
2007/08,Away,Draw,YellowCards,1
2007/08,Home,Draw,YellowCards,3
2007/08,Away,Draw,YellowCards,2
2007/08,Home,Draw,YellowCards,4
2007/08,Away,Loss,YellowCards,3
2007/08,Home,Win,YellowCards,3
2007/08,Away,Draw,YellowCards,5
2007/08,Home,Win,YellowCards,7
2007/08,Away,Win,YellowCards,3
2007/08,Home,Win,YellowCards,3
2007/08,Home,Win,YellowCards,1
2007/08,Home,Win,YellowCards,5
2007/08,Away,Loss,YellowCards,4
2007/08,Home,Win,YellowCards,5
2007/08,Away,Draw,YellowCards,3
2007/08,Home,Win,YellowCards,1
2007/08,Away,Win,YellowCards,1
2007/08,Away,Draw,YellowCards,3
2007/08,Home,Win,YellowCards,0
2007/08,Away,Win,YellowCards,2
2008/09,Away,Win,YellowCards,2
2008/09,Home,Win,YellowCards,3
2008/09,Away,Draw,YellowCards,2
2008/09,Home,Win,YellowCards,3
2008/09,Home,Draw,YellowCards,2
2008/09,Away,Win,YellowCards,6
2008/09,Away,Win,YellowCards,2
2008/09,Home,Win,YellowCards,2
2008/09,Away,Win,YellowCards,6
2008/09,Home,Win,YellowCards,3
2008/09,Away,Loss,YellowCards,3
2008/09,Home,Win,YellowCards,3
2008/09,Away,Win,YellowCards,2
2008/09,Home,Draw,YellowCards,0
2008/09,Home,Draw,YellowCards,2
2008/09,Away,Win,YellowCards,4
2008/09,Home,Draw,YellowCards,6
2008/09,Away,Draw,YellowCards,6
2008/09,Home,Win,YellowCards,4
2008/09,Away,Win,YellowCards,3
2008/09,Away,Draw,YellowCards,4
2008/09,Home,Draw,YellowCards,2
2008/09,Away,Draw,YellowCards,1
2008/09,Home,Win,YellowCards,7
2008/09,Away,Win,YellowCards,1
2008/09,Home,Draw,YellowCards,3
2008/09,Away,Loss,YellowCards,2
2008/09,Home,Win,YellowCards,2
2008/09,Away,Win,YellowCards,5
2008/09,Home,Win,YellowCards,4
2008/09,Away,Win,YellowCards,4
2008/09,Home,Win,YellowCards,3
2008/09,Home,Draw,YellowCards,1
2008/09,Away,Win,YellowCards,4
2008/09,Home,Win,YellowCards,2
2008/09,Away,Win,YellowCards,5
2008/09,Away,Win,YellowCards,2
2008/09,Home,Win,YellowCards,1
2009/10,Away,Loss,YellowCards,6
2009/10,Home,Win,YellowCards,1
2009/10,Home,Loss,YellowCards,5
2009/10,Away,Win,YellowCards,4
2009/10,Home,Win,YellowCards,2
2009/10,Away,Win,YellowCards,6
2009/10,Home,Win,YellowCards,5
2009/10,Away,Loss,YellowCards,2
2009/10,Away,Loss,YellowCards,3
2009/10,Home,Win,YellowCards,5
2009/10,Away,Loss,YellowCards,1
2009/10,Home,Draw,YellowCards,3
2009/10,Home,Draw,YellowCards,2
2009/10,Away,Win,YellowCards,1
2009/10,Away,Draw,YellowCards,1
2009/10,Home,Loss,YellowCards,6
2009/10,Home,Win,YellowCards,2
2009/10,Away,Loss,YellowCards,6
2009/10,Home,Win,YellowCards,1
2009/10,Away,Win,YellowCards,2
2009/10,Away,Draw,YellowCards,3
2009/10,Home,Win,YellowCards,5
2009/10,Away,Draw,YellowCards,1
2009/10,Home,Win,YellowCards,4
2009/10,Home,Win,YellowCards,6
2009/10,Away,Loss,YellowCards,5
2009/10,Away,Draw,YellowCards,7
2009/10,Home,Win,YellowCards,6
2009/10,Away,Loss,YellowCards,6
2009/10,Home,Win,YellowCards,2
2009/10,Away,Loss,YellowCards,5
2009/10,Home,Win,YellowCards,1
2009/10,Away,Draw,YellowCards,3
2009/10,Home,Draw,YellowCards,4
2009/10,Home,Win,YellowCards,2
2009/10,Away,Win,YellowCards,3
2009/10,Home,Loss,YellowCards,3
2009/10,Away,Draw,YellowCards,1
2010/11,Home,Draw,YellowCards,4
2010/11,Away,Loss,YellowCards,2
2010/11,Home,Win,YellowCards,0
2010/11,Away,Draw,YellowCards,1
2010/11,Away,Loss,YellowCards,5
2010/11,Home,Draw,YellowCards,4
2010/11,Home,Loss,YellowCards,3
2010/11,Away,Loss,YellowCards,4
2010/11,Home,Win,YellowCards,5
2010/11,Away,Win,YellowCards,4
2010/11,Home,Win,YellowCards,2
2010/11,Away,Draw,YellowCards,2
2010/11,Away,Loss,YellowCards,5
2010/11,Home,Win,YellowCards,1
2010/11,Away,Loss,YellowCards,5
2010/11,Home,Win,YellowCards,1
2010/11,Away,Loss,YellowCards,3
2010/11,Home,Loss,YellowCards,2
2010/11,Home,Win,YellowCards,4
2010/11,Away,Loss,YellowCards,2
2010/11,Away,Loss,YellowCards,4
2010/11,Home,Draw,YellowCards,3
2010/11,Away,Win,YellowCards,3
2010/11,Home,Win,YellowCards,0
2010/11,Home,Win,YellowCards,5
2010/11,Away,Win,YellowCards,2
2010/11,Home,Draw,YellowCards,4
2010/11,Away,Loss,YellowCards,1
2010/11,Home,Win,YellowCards,5
2010/11,Away,Win,YellowCards,6
2010/11,Away,Loss,YellowCards,5
2010/11,Home,Win,YellowCards,1
2010/11,Away,Draw,YellowCards,6
2010/11,Home,Win,YellowCards,1
2010/11,Home,Win,YellowCards,3
2010/11,Away,Win,YellowCards,7
2010/11,Home,Loss,YellowCards,3
2010/11,Away,Loss,YellowCards,4
2011/12,Home,Draw,YellowCards,8
2011/12,Away,Win,YellowCards,4
2011/12,Home,Win,YellowCards,2
2011/12,Away,Loss,YellowCards,1
2011/12,Away,Loss,YellowCards,5
2011/12,Home,Win,YellowCards,7
2011/12,Away,Win,YellowCards,2
2011/12,Home,Draw,YellowCards,4
2011/12,Home,Draw,YellowCards,1
2011/12,Away,Win,YellowCards,1
2011/12,Home,Draw,YellowCards,3
2011/12,Away,Win,YellowCards,5
2011/12,Home,Draw,YellowCards,5
2011/12,Away,Loss,YellowCards,4
2011/12,Home,Win,YellowCards,2
2011/12,Away,Win,YellowCards,3
2011/12,Away,Draw,YellowCards,3
2011/12,Home,Draw,YellowCards,1
2011/12,Home,Win,YellowCards,2
2011/12,Away,Loss,YellowCards,3
2011/12,Home,Draw,YellowCards,3
2011/12,Away,Loss,YellowCards,2
2011/12,Away,Win,YellowCards,4
2011/12,Home,Draw,YellowCards,4
2011/12,Away,Loss,YellowCards,2
2011/12,Home,Loss,YellowCards,1
2011/12,Away,Loss,YellowCards,2
2011/12,Home,Win,YellowCards,5
2011/12,Away,Loss,YellowCards,0
2011/12,Home,Loss,YellowCards,3
2011/12,Away,Loss,YellowCards,6
2011/12,Home,Draw,YellowCards,2
2011/12,Away,Win,YellowCards,9
2011/12,Home,Loss,YellowCards,2
2011/12,Away,Win,YellowCards,4
2011/12,Home,Loss,YellowCards,0
2011/12,Home,Win,YellowCards,6
2011/12,Away,Loss,YellowCards,2
2012/13,Away,Loss,YellowCards,5
2012/13,Home,Draw,YellowCards,1
2012/13,Home,Loss,YellowCards,4
2012/13,Away,Draw,YellowCards,3
2012/13,Home,Loss,YellowCards,3
2012/13,Away,Win,YellowCards,1
2012/13,Home,Draw,YellowCards,6
2012/13,Home,Win,YellowCards,2
2012/13,Away,Draw,YellowCards,7
2012/13,Home,Draw,YellowCards,1
2012/13,Away,Draw,YellowCards,4
2012/13,Home,Win,YellowCards,3
2012/13,Away,Draw,YellowCards,1
2012/13,Away,Loss,YellowCards,3
2012/13,Home,Win,YellowCards,2
2012/13,Away,Win,YellowCards,3
2012/13,Home,Loss,YellowCards,3
2012/13,Home,Win,YellowCards,3
2012/13,Away,Loss,YellowCards,4
2012/13,Away,Win,YellowCards,3
2012/13,Home,Win,YellowCards,1
2012/13,Away,Loss,YellowCards,5
2012/13,Home,Win,YellowCards,2
2012/13,Away,Draw,YellowCards,4
2012/13,Away,Draw,YellowCards,6
2012/13,Home,Loss,YellowCards,5
2012/13,Home,Win,YellowCards,1
2012/13,Away,Win,YellowCards,4
2012/13,Home,Win,YellowCards,2
2012/13,Away,Loss,YellowCards,1
2012/13,Away,Win,YellowCards,2
2012/13,Home,Draw,YellowCards,1
2012/13,Away,Draw,YellowCards,3
2012/13,Home,Draw,YellowCards,7
2012/13,Away,Win,YellowCards,5
2012/13,Home,Draw,YellowCards,3
2012/13,Away,Win,YellowCards,1
2012/13,Home,Win,YellowCards,4
2013/14,Home,Win,YellowCards,2
2013/14,Away,Win,YellowCards,6
2013/14,Home,Win,YellowCards,6
2013/14,Away,Draw,YellowCards,5
2013/14,Home,Loss,YellowCards,1
2013/14,Away,Win,YellowCards,3
2013/14,Home,Win,YellowCards,3
2013/14,Away,Draw,YellowCards,5
2013/14,Home,Win,YellowCards,2
2013/14,Away,Loss,YellowCards,3
2013/14,Home,Win,YellowCards,1
2013/14,Away,Draw,YellowCards,7
2013/14,Away,Loss,YellowCards,2
2013/14,Home,Win,YellowCards,4
2013/14,Home,Win,YellowCards,3
2013/14,Away,Win,YellowCards,3
2013/14,Home,Win,YellowCards,2
2013/14,Away,Loss,YellowCards,4
2013/14,Away,Loss,YellowCards,5
2013/14,Home,Win,YellowCards,3
2013/14,Away,Win,YellowCards,2
2013/14,Home,Draw,YellowCards,5
2013/14,Home,Win,YellowCards,3
2013/14,Away,Draw,YellowCards,6
2013/14,Home,Win,YellowCards,3
2013/14,Away,Win,YellowCards,7
2013/14,Home,Win,YellowCards,1
2013/14,Away,Win,YellowCards,3
2013/14,Away,Win,YellowCards,5
2013/14,Away,Win,YellowCards,5
2013/14,Home,Win,YellowCards,2
2013/14,Home,Win,YellowCards,2
2013/14,Away,Win,YellowCards,4
2013/14,Home,Win,YellowCards,4
2013/14,Away,Win,YellowCards,5
2013/14,Home,Loss,YellowCards,4
2013/14,Away,Draw,YellowCards,5
2013/14,Home,Win,YellowCards,4
2014/15,Home,Win,YellowCards,3
2014/15,Away,Loss,YellowCards,2
2014/15,Away,Win,YellowCards,4
2014/15,Home,Loss,YellowCards,3
2014/15,Away,Loss,YellowCards,5
2014/15,Home,Draw,YellowCards,3
2014/15,Home,Win,YellowCards,4
2014/15,Away,Win,YellowCards,5
2014/15,Home,Draw,YellowCards,5
2014/15,Away,Loss,YellowCards,7
2014/15,Home,Loss,YellowCards,7
2014/15,Away,Loss,YellowCards,3
2014/15,Home,Win,YellowCards,3
2014/15,Away,Win,YellowCards,3
2014/15,Home,Draw,YellowCards,4
2014/15,Away,Loss,YellowCards,7
2014/15,Home,Draw,YellowCards,3
2014/15,Away,Win,YellowCards,1
2014/15,Home,Win,YellowCards,1
2014/15,Home,Draw,YellowCards,4
2014/15,Away,Win,YellowCards,5
2014/15,Away,Win,YellowCards,2
2014/15,Home,Win,YellowCards,2
2014/15,Away,Draw,YellowCards,5
2014/15,Home,Win,YellowCards,9
2014/15,Away,Win,YellowCards,5
2014/15,Home,Win,YellowCards,4
2014/15,Home,Win,YellowCards,1
2014/15,Away,Win,YellowCards,3
2014/15,Home,Loss,YellowCards,4
2014/15,Away,Loss,YellowCards,1
2014/15,Home,Win,YellowCards,2
2014/15,Away,Draw,YellowCards,1
2014/15,Away,Loss,YellowCards,2
2014/15,Home,Win,YellowCards,5
2014/15,Away,Draw,YellowCards,7
2014/15,Home,Loss,YellowCards,5
2014/15,Away,Loss,YellowCards,6
2015/16,Away,Win,YellowCards,6
2015/16,Home,Win,YellowCards,5
2015/16,Away,Draw,YellowCards,5
2015/16,Home,Loss,YellowCards,4
2015/16,Away,Loss,YellowCards,3
2015/16,Home,Draw,YellowCards,3
2015/16,Home,Win,YellowCards,0
2015/16,Away,Draw,YellowCards,6
2015/16,Away,Draw,YellowCards,3
2015/16,Home,Draw,YellowCards,1
2015/16,Away,Win,YellowCards,5
2015/16,Home,Loss,YellowCards,3
2015/16,Away,Win,YellowCards,3
2015/16,Home,Win,YellowCards,4
2015/16,Away,Loss,YellowCards,4
2015/16,Home,Draw,YellowCards,0
2015/16,Away,Loss,YellowCards,1
2015/16,Home,Win,YellowCards,3
2015/16,Away,Win,YellowCards,4
2015/16,Away,Loss,YellowCards,2
2015/16,Home,Draw,YellowCards,2
2015/16,Home,Loss,YellowCards,2
2015/16,Away,Win,YellowCards,1
2015/16,Away,Loss,YellowCards,1
2015/16,Home,Draw,YellowCards,2
2015/16,Away,Win,YellowCards,4
2015/16,Home,Win,YellowCards,1
2015/16,Away,Win,YellowCards,3
2015/16,Away,Loss,YellowCards,4
2015/16,Home,Draw,YellowCards,2
2015/16,Home,Win,YellowCards,2
2015/16,Away,Win,YellowCards,0
2015/16,Home,Win,YellowCards,2
2015/16,Home,Draw,YellowCards,2
2015/16,Away,Loss,YellowCards,4
2015/16,Home,Win,YellowCards,3
2015/16,Home,Draw,YellowCards,4
2015/16,Away,Draw,YellowCards,4
2016/17,Away,Win,YellowCards,6
2016/17,Away,Loss,YellowCards,1
2016/17,Away,Draw,YellowCards,8
2016/17,Home,Win,YellowCards,3
2016/17,Away,Win,YellowCards,2
2016/17,Home,Win,YellowCards,3
2016/17,Away,Win,YellowCards,4
2016/17,Home,Draw,YellowCards,4
2016/17,Home,Win,YellowCards,4
2016/17,Away,Win,YellowCards,3
2016/17,Home,Win,YellowCards,3
2016/17,Away,Draw,YellowCards,2
2016/17,Home,Win,YellowCards,4
2016/17,Away,Loss,YellowCards,4
2016/17,Home,Draw,YellowCards,2
2016/17,Away,Win,YellowCards,1
2016/17,Away,Win,YellowCards,4
2016/17,Home,Win,YellowCards,1
2016/17,Home,Win,YellowCards,3
2016/17,Away,Draw,YellowCards,5
2016/17,Away,Draw,YellowCards,4
2016/17,Home,Loss,YellowCards,2
2016/17,Home,Draw,YellowCards,3
2016/17,Away,Loss,YellowCards,3
2016/17,Home,Win,YellowCards,7
2016/17,Away,Loss,YellowCards,0
2016/17,Home,Win,YellowCards,3
2016/17,Home,Win,YellowCards,4
2016/17,Away,Draw,YellowCards,6
2016/17,Home,Win,YellowCards,4
2016/17,Home,Draw,YellowCards,2
2016/17,Away,Win,YellowCards,2
2016/17,Away,Win,YellowCards,4
2016/17,Home,Loss,YellowCards,3
2016/17,Away,Win,YellowCards,4
2016/17,Home,Draw,YellowCards,4
2016/17,Away,Win,YellowCards,2
2016/17,Home,Win,YellowCards,1
2017/18,Away,Draw,YellowCards,3
2017/18,Home,Win,YellowCards,4
2017/18,Home,Win,YellowCards,6
2017/18,Away,Loss,YellowCards,4
2017/18,Home,Draw,YellowCards,3
2017/18,Away,Win,YellowCards,6
2017/18,Away,Draw,YellowCards,2
2017/18,Home,Draw,YellowCards,2
2017/18,Away,Loss,YellowCards,1
2017/18,Home,Win,YellowCards,1
2017/18,Away,Win,YellowCards,3
2017/18,Home,Win,YellowCards,2
2017/18,Home,Draw,YellowCards,0
2017/18,Away,Win,YellowCards,6
2017/18,Away,Win,YellowCards,1
2017/18,Home,Draw,YellowCards,4
2017/18,Home,Draw,YellowCards,1
2017/18,Away,Win,YellowCards,2
2017/18,Away,Draw,YellowCards,1
2017/18,Home,Win,YellowCards,1
2017/18,Home,Win,YellowCards,5
2017/18,Away,Win,YellowCards,0
2017/18,Home,Win,YellowCards,5
2017/18,Away,Loss,YellowCards,2
2017/18,Away,Win,YellowCards,0
2017/18,Home,Draw,YellowCards,4
2017/18,Away,Win,YellowCards,3
2017/18,Home,Win,YellowCards,2
2017/18,Home,Win,YellowCards,0
2017/18,Away,Loss,YellowCards,3
2017/18,Home,Win,YellowCards,1
2017/18,Away,Win,YellowCards,4
2017/18,Away,Draw,YellowCards,0
2017/18,Home,Win,YellowCards,2
2017/18,Away,Draw,YellowCards,1
2017/18,Home,Draw,YellowCards,3
2017/18,Away,Loss,YellowCards,5
2017/18,Home,Win,YellowCards,0
2018/19,Home,Win,YellowCards,3
2018/19,Away,Win,YellowCards,2
2018/19,Home,Win,YellowCards,2
2018/19,Away,Win,YellowCards,5
2018/19,Away,Win,YellowCards,0
2018/19,Home,Win,YellowCards,2
2018/19,Away,Draw,YellowCards,2
2018/19,Home,Draw,YellowCards,4
2018/19,Away,Win,YellowCards,2
2018/19,Home,Win,YellowCards,0
2018/19,Away,Draw,YellowCards,2
2018/19,Home,Win,YellowCards,2
2018/19,Away,Win,YellowCards,0
2018/19,Home,Win,YellowCards,5
2018/19,Away,Win,YellowCards,1
2018/19,Away,Win,YellowCards,3
2018/19,Home,Win,YellowCards,2
2018/19,Away,Win,YellowCards,0
2018/19,Home,Win,YellowCards,0
2018/19,Home,Win,YellowCards,3
2018/19,Away,Loss,YellowCards,6
2018/19,Away,Win,YellowCards,0
2018/19,Home,Win,YellowCards,1
2018/19,Home,Draw,YellowCards,4
2018/19,Away,Draw,YellowCards,2
2018/19,Home,Win,YellowCards,4
2018/19,Away,Draw,YellowCards,4
2018/19,Home,Win,YellowCards,2
2018/19,Away,Draw,YellowCards,3
2018/19,Home,Win,YellowCards,2
2018/19,Away,Win,YellowCards,3
2018/19,Home,Win,YellowCards,1
2018/19,Away,Win,YellowCards,6
2018/19,Home,Win,YellowCards,1
2018/19,Away,Win,YellowCards,2
2018/19,Home,Win,YellowCards,0
2018/19,Away,Win,YellowCards,2
2018/19,Home,Win,YellowCards,2
2019/20,Home,Win,YellowCards,2
2019/20,Away,Win,YellowCards,3
2019/20,Home,Win,YellowCards,2
2019/20,Away,Win,YellowCards,0
2019/20,Home,Win,YellowCards,0
2019/20,Away,Win,YellowCards,6
2019/20,Away,Win,YellowCards,2
2019/20,Home,Win,YellowCards,5
2019/20,Away,Draw,YellowCards,1
2019/20,Home,Win,YellowCards,6
2019/20,Away,Win,YellowCards,3
2019/20,Home,Win,YellowCards,2
2019/20,Away,Win,YellowCards,1
2019/20,Home,Win,YellowCards,0
2019/20,Home,Win,YellowCards,3
2019/20,Away,Win,YellowCards,1
2019/20,Home,Win,YellowCards,3
2019/20,Away,Win,YellowCards,2
2019/20,Home,Win,YellowCards,1
2019/20,Home,Win,YellowCards,0
2019/20,Away,Win,YellowCards,2
2019/20,Home,Win,YellowCards,4
2019/20,Away,Win,YellowCards,1
2019/20,Away,Win,YellowCards,2
2019/20,Home,Win,YellowCards,2
2019/20,Away,Win,YellowCards,3
2019/20,Home,Win,YellowCards,3
2019/20,Away,Loss,YellowCards,0
2019/20,Home,Win,YellowCards,1
2019/20,Away,Draw,YellowCards,4
2019/20,Home,Win,YellowCards,0
2019/20,Away,Loss,YellowCards,4
2019/20,Home,Win,YellowCards,2
2019/20,Away,Win,YellowCards,5
2019/20,Home,Draw,YellowCards,3
2019/20,Away,Loss,YellowCards,4
2019/20,Home,Win,YellowCards,1
2019/20,Away,Win,YellowCards,1
2020/21,Home,Win,YellowCards,1
2020/21,Away,Win,YellowCards,0
2020/21,Home,Win,YellowCards,4
2020/21,Away,Loss,YellowCards,3
2020/21,Away,Draw,YellowCards,5
2020/21,Home,Win,YellowCards,3
2020/21,Home,Win,YellowCards,1
2020/21,Away,Draw,YellowCards,4
2020/21,Home,Win,YellowCards,2
2020/21,Away,Draw,YellowCards,3
2020/21,Home,Win,YellowCards,2
2020/21,Away,Draw,YellowCards,4
2020/21,Home,Win,YellowCards,2
2020/21,Away,Win,YellowCards,1
2020/21,Home,Draw,YellowCards,1
2020/21,Away,Draw,YellowCards,5
2020/21,Away,Loss,YellowCards,4
2020/21,Home,Draw,YellowCards,3
2020/21,Home,Loss,YellowCards,3
2020/21,Away,Win,YellowCards,3
2020/21,Away,Win,YellowCards,2
2020/21,Home,Loss,YellowCards,1
2020/21,Home,Loss,YellowCards,3
2020/21,Away,Loss,YellowCards,3
2020/21,Home,Loss,YellowCards,3
2020/21,Away,Win,YellowCards,0
2020/21,Home,Loss,YellowCards,0
2020/21,Home,Loss,YellowCards,5
2020/21,Away,Win,YellowCards,3
2020/21,Away,Win,YellowCards,2
2020/21,Home,Win,YellowCards,6
2020/21,Away,Draw,YellowCards,3
2020/21,Home,Draw,YellowCards,3
2020/21,Home,Win,YellowCards,1
2020/21,Away,Win,YellowCards,3
2020/21,Away,Win,YellowCards,0
2020/21,Away,Win,YellowCards,0
2020/21,Home,Win,YellowCards,4
2021/22,Away,Win,YellowCards,2
2021/22,Home,Win,YellowCards,0
2021/22,Home,Draw,YellowCards,2
2021/22,Away,Win,YellowCards,3
2021/22,Home,Win,YellowCards,4
2021/22,Away,Draw,YellowCards,2
2021/22,Home,Draw,YellowCards,6
2021/22,Away,Win,YellowCards,0
2021/22,Away,Win,YellowCards,6
2021/22,Home,Draw,YellowCards,4
2021/22,Away,Loss,YellowCards,2
2021/22,Home,Win,YellowCards,2
2021/22,Home,Win,YellowCards,1
2021/22,Away,Win,YellowCards,7
2021/22,Away,Win,YellowCards,4
2021/22,Home,Win,YellowCards,3
2021/22,Home,Win,YellowCards,4
2021/22,Away,Draw,YellowCards,8
2021/22,Away,Loss,YellowCards,1
2021/22,Away,Draw,YellowCards,3
2021/22,Home,Win,YellowCards,1
2021/22,Away,Win,YellowCards,5
2021/22,Home,Win,YellowCards,1
2021/22,Away,Win,YellowCards,1
2021/22,Home,Win,YellowCards,1
2021/22,Home,Win,YellowCards,3
2021/22,Home,Win,YellowCards,3
2021/22,Away,Win,YellowCards,4
2021/22,Away,Win,YellowCards,1
2021/22,Home,Win,YellowCards,2
2021/22,Away,Draw,YellowCards,5
2021/22,Home,Win,YellowCards,3
2021/22,Home,Win,YellowCards,7
2021/22,Away,Win,YellowCards,4
2021/22,Home,Draw,YellowCards,5
2021/22,Away,Win,YellowCards,0
2021/22,Away,Win,YellowCards,2
2021/22,Home,Win,YellowCards,1
2022/23,Away,Draw,YellowCards,2
2022/23,Home,Draw,YellowCards,6
2022/23,Away,Loss,YellowCards,4
2022/23,Home,Win,YellowCards,1
2022/23,Home,Win,YellowCards,2
2022/23,Away,Draw,YellowCards,4
2022/23,Home,Draw,YellowCards,2
2022/23,Away,Loss,YellowCards,3
2022/23,Home,Win,YellowCards,4
2022/23,Home,Win,YellowCards,0
2022/23,Away,Loss,YellowCards,3
2022/23,Home,Loss,YellowCards,1
2022/23,Away,Win,YellowCards,0
2022/23,Home,Win,YellowCards,2
2022/23,Away,Win,YellowCards,0
2022/23,Home,Win,YellowCards,1
2022/23,Away,Loss,YellowCards,4
2022/23,Away,Loss,YellowCards,4
2022/23,Home,Draw,YellowCards,4
2022/23,Away,Loss,YellowCards,2
2022/23,Home,Win,YellowCards,4
2022/23,Away,Win,YellowCards,2
2022/23,Away,Draw,YellowCards,7
2022/23,Home,Win,YellowCards,5
2022/23,Home,Win,YellowCards,5
2022/23,Away,Loss,YellowCards,3
2022/23,Away,Loss,YellowCards,2
2022/23,Away,Draw,YellowCards,5
2022/23,Home,Draw,YellowCards,8
2022/23,Away,Win,YellowCards,1
2022/23,Home,Win,YellowCards,1
2022/23,Away,Win,YellowCards,0
2022/23,Home,Win,YellowCards,5
2022/23,Home,Win,YellowCards,0
2022/23,Home,Win,YellowCards,6
2022/23,Away,Win,YellowCards,3
2022/23,Home,Draw,YellowCards,8
2022/23,Away,Draw,YellowCards,2
2023/24,Away,Draw,YellowCards,6
2023/24,Home,Win,YellowCards,4
2023/24,Away,Win,YellowCards,3
2023/24,Home,Win,YellowCards,1
2023/24,Away,Win,YellowCards,4
2023/24,Home,Win,YellowCards,2
2023/24,Away,Loss,YellowCards,9
2023/24,Away,Draw,YellowCards,3
2023/24,Home,Win,YellowCards,2
2023/24,Home,Win,YellowCards,5
2023/24,Away,Draw,YellowCards,2
2023/24,Home,Win,YellowCards,3
2023/24,Away,Draw,YellowCards,4
2023/24,Home,Win,YellowCards,0
2023/24,Away,Win,YellowCards,5
2023/24,Away,Win,YellowCards,7
2023/24,Home,Draw,YellowCards,6
2023/24,Home,Draw,YellowCards,7
2023/24,Away,Win,YellowCards,3
2023/24,Home,Win,YellowCards,8
2023/24,Away,Win,YellowCards,3
2023/24,Home,Win,YellowCards,6
2023/24,Away,Loss,YellowCards,8
2023/24,Home,Win,YellowCards,5
2023/24,Away,Win,YellowCards,3
2023/24,Home,Win,YellowCards,5
2023/24,Away,Win,YellowCards,4
2023/24,Home,Draw,YellowCards,3
2023/24,Home,Win,YellowCards,8
2023/24,Home,Win,YellowCards,1
2023/24,Away,Draw,YellowCards,7
2023/24,Home,Loss,YellowCards,2
2023/24,Away,Win,YellowCards,3
2023/24,Away,Loss,YellowCards,3
2023/24,Away,Draw,YellowCards,2
2023/24,Home,Win,YellowCards,5
2023/24,Away,Draw,YellowCards,2
2023/24,Home,Win,YellowCards,2
2024/25,Away,Win,YellowCards,4
2024/25,Home,Win,YellowCards,5
2024/25,Away,Win,YellowCards,5
2024/25,Home,Loss,YellowCards,8
2024/25,Home,Win,YellowCards,5
2024/25,Away,Win,YellowCards,5
2024/25,Away,Win,YellowCards,6
2024/25,Home,Win,YellowCards,7
2024/25,Away,Draw,YellowCards,4
2024/25,Home,Win,YellowCards,2
2024/25,Home,Win,YellowCards,3
2024/25,Away,Win,YellowCards,7
2024/25,Home,Win,YellowCards,4
2024/25,Away,Draw,YellowCards,7
2024/25,Home,Draw,YellowCards,7
2024/25,Away,Win,YellowCards,3
2024/25,Home,Win,YellowCards,5
2024/25,Away,Win,YellowCards,0
2024/25,Home,Draw,YellowCards,6
2024/25,Away,Draw,YellowCards,3
2024/25,Away,Win,YellowCards,5
2024/25,Home,Win,YellowCards,2
2024/25,Away,Win,YellowCards,5
2024/25,Away,Draw,YellowCards,4
2024/25,Home,Win,YellowCards,4
2024/25,Away,Draw,YellowCards,1
2024/25,Away,Win,YellowCards,0
2024/25,Home,Win,YellowCards,1
2024/25,Home,Win,YellowCards,3
2024/25,Home,Win,YellowCards,4
2024/25,Away,Loss,YellowCards,3
2024/25,Home,Win,YellowCards,2
2024/25,Away,Win,YellowCards,3
2024/25,Home,Win,YellowCards,3
2024/25,Away,Loss,YellowCards,4
2000/01,Home,Win,RedCards,0
2000/01,Away,Loss,RedCards,3
2000/01,Away,Draw,RedCards,0
2000/01,Home,Win,RedCards,0
2000/01,Home,Win,RedCards,0
2000/01,Away,Draw,RedCards,0
2000/01,Home,Draw,RedCards,0
2000/01,Away,Loss,RedCards,0
2000/01,Away,Win,RedCards,0
2000/01,Home,Win,RedCards,0
2000/01,Home,Win,RedCards,1
2000/01,Away,Loss,RedCards,0
2000/01,Home,Win,RedCards,0
2000/01,Away,Loss,RedCards,0
2000/01,Away,Loss,RedCards,0
2000/01,Home,Win,RedCards,0
2000/01,Home,Loss,RedCards,0
2000/01,Away,Win,RedCards,1
2000/01,Home,Win,RedCards,0
2000/01,Away,Loss,RedCards,0
2000/01,Home,Win,RedCards,0
2000/01,Away,Win,RedCards,0
2000/01,Home,Draw,RedCards,0
2000/01,Away,Draw,RedCards,0
2000/01,Home,Win,RedCards,1
2000/01,Away,Draw,RedCards,0
2000/01,Away,Loss,RedCards,0
2000/01,Home,Draw,RedCards,0
2000/01,Home,Win,RedCards,1
2000/01,Away,Draw,RedCards,0
2000/01,Home,Loss,RedCards,1
2000/01,Away,Win,RedCards,1
2000/01,Home,Win,RedCards,0
2000/01,Away,Win,RedCards,0
2000/01,Away,Win,RedCards,0
2000/01,Home,Win,RedCards,0
2000/01,Home,Draw,RedCards,0
2000/01,Away,Win,RedCards,0
2001/02,Home,Win,RedCards,0
2001/02,Away,Loss,RedCards,0
2001/02,Home,Loss,RedCards,1
2001/02,Away,Win,RedCards,0
2001/02,Home,Win,RedCards,0
2001/02,Away,Win,RedCards,0
2001/02,Home,Draw,RedCards,0
2001/02,Away,Win,RedCards,0
2001/02,Away,Win,RedCards,1
2001/02,Home,Win,RedCards,0
2001/02,Away,Draw,RedCards,0
2001/02,Home,Win,RedCards,1
2001/02,Away,Win,RedCards,0
2001/02,Home,Win,RedCards,0
2001/02,Home,Draw,RedCards,0
2001/02,Away,Loss,RedCards,0
2001/02,Home,Loss,RedCards,1
2001/02,Away,Win,RedCards,0
2001/02,Away,Draw,RedCards,0
2001/02,Home,Draw,RedCards,0
2001/02,Away,Loss,RedCards,0
2001/02,Away,Draw,RedCards,0
2001/02,Home,Draw,RedCards,0
2001/02,Away,Win,RedCards,0
2001/02,Home,Win,RedCards,0
2001/02,Away,Win,RedCards,0
2001/02,Away,Win,RedCards,0
2001/02,Home,Draw,RedCards,0
2001/02,Away,Win,RedCards,0
2001/02,Home,Win,RedCards,0
2001/02,Away,Win,RedCards,0
2001/02,Home,Win,RedCards,0
2001/02,Home,Win,RedCards,0
2001/02,Away,Win,RedCards,1
2001/02,Home,Win,RedCards,0
2001/02,Away,Loss,RedCards,0
2001/02,Home,Win,RedCards,0
2001/02,Home,Win,RedCards,0
2002/03,Away,Win,RedCards,0
2002/03,Home,Win,RedCards,0
2002/03,Away,Draw,RedCards,0
2002/03,Home,Draw,RedCards,0
2002/03,Home,Draw,RedCards,0
2002/03,Away,Win,RedCards,0
2002/03,Home,Win,RedCards,1
2002/03,Away,Win,RedCards,0
2002/03,Home,Win,RedCards,0
2002/03,Away,Win,RedCards,0
2002/03,Home,Win,RedCards,0
2002/03,Home,Win,RedCards,0
2002/03,Away,Loss,RedCards,0
2002/03,Home,Draw,RedCards,0
2002/03,Away,Loss,RedCards,1
2002/03,Home,Loss,RedCards,0
2002/03,Away,Loss,RedCards,0
2002/03,Away,Loss,RedCards,0
2002/03,Home,Draw,RedCards,0
2002/03,Home,Draw,RedCards,0
2002/03,Away,Draw,RedCards,0
2002/03,Away,Loss,RedCards,1
2002/03,Home,Draw,RedCards,0
2002/03,Away,Win,RedCards,0
2002/03,Home,Draw,RedCards,0
2002/03,Away,Win,RedCards,0
2002/03,Home,Draw,RedCards,0
2002/03,Away,Loss,RedCards,0
2002/03,Home,Win,RedCards,0
2002/03,Away,Win,RedCards,0
2002/03,Home,Win,RedCards,0
2002/03,Away,Loss,RedCards,1
2002/03,Home,Win,RedCards,0
2002/03,Away,Win,RedCards,2
2002/03,Home,Win,RedCards,0
2002/03,Away,Win,RedCards,0
2002/03,Home,Loss,RedCards,0
2002/03,Away,Loss,RedCards,1
2003/04,Home,Loss,RedCards,0
2003/04,Away,Draw,RedCards,0
2003/04,Home,Draw,RedCards,0
2003/04,Away,Win,RedCards,0
2003/04,Away,Win,RedCards,1
2003/04,Home,Win,RedCards,0
2003/04,Away,Loss,RedCards,0
2003/04,Home,Loss,RedCards,0
2003/04,Away,Loss,RedCards,0
2003/04,Home,Win,RedCards,0
2003/04,Away,Win,RedCards,1
2003/04,Home,Loss,RedCards,0
2003/04,Away,Draw,RedCards,0
2003/04,Home,Win,RedCards,0
2003/04,Away,Draw,RedCards,0
2003/04,Home,Loss,RedCards,0
2003/04,Home,Win,RedCards,0
2003/04,Away,Draw,RedCards,0
2003/04,Away,Win,RedCards,1
2003/04,Home,Win,RedCards,0
2003/04,Away,Loss,RedCards,0
2003/04,Away,Draw,RedCards,0
2003/04,Home,Draw,RedCards,0
2003/04,Away,Draw,RedCards,0
2003/04,Home,Win,RedCards,0
2003/04,Away,Draw,RedCards,0
2003/04,Away,Loss,RedCards,0
2003/04,Home,Win,RedCards,0
2003/04,Home,Win,RedCards,0
2003/04,Away,Draw,RedCards,0
2003/04,Away,Win,RedCards,0
2003/04,Home,Win,RedCards,0
2003/04,Away,Win,RedCards,1
2004/05,Away,Draw,RedCards,0
2004/05,Home,Win,RedCards,1
2004/05,Away,Loss,RedCards,0
2004/05,Home,Win,RedCards,0
2004/05,Away,Loss,RedCards,0
2004/05,Home,Win,RedCards,0
2004/05,Away,Loss,RedCards,0
2004/05,Away,Win,RedCards,1
2004/05,Home,Win,RedCards,0
2004/05,Away,Draw,RedCards,0
2004/05,Home,Loss,RedCards,0
2004/05,Home,Win,RedCards,0
2004/05,Away,Loss,RedCards,0
2004/05,Home,Win,RedCards,0
2004/05,Away,Draw,RedCards,0
2004/05,Away,Loss,RedCards,0
2004/05,Home,Draw,RedCards,0
2004/05,Home,Win,RedCards,1
2004/05,Away,Win,RedCards,1
2004/05,Home,Win,RedCards,0
2004/05,Home,Loss,RedCards,0
2004/05,Away,Win,RedCards,0
2004/05,Home,Loss,RedCards,1
2004/05,Away,Loss,RedCards,0
2004/05,Away,Win,RedCards,0
2004/05,Home,Win,RedCards,0
2004/05,Away,Loss,RedCards,0
2004/05,Away,Loss,RedCards,0
2004/05,Home,Draw,RedCards,0
2004/05,Home,Win,RedCards,1
2004/05,Home,Win,RedCards,0
2004/05,Away,Loss,RedCards,0
2004/05,Home,Draw,RedCards,0
2004/05,Away,Win,RedCards,0
2005/06,Away,Draw,RedCards,1
2005/06,Home,Win,RedCards,1
2005/06,Away,Draw,RedCards,0
2005/06,Home,Draw,RedCards,0
2005/06,Away,Draw,RedCards,1
2005/06,Home,Loss,RedCards,0
2005/06,Home,Win,RedCards,1
2005/06,Away,Loss,RedCards,0
2005/06,Home,Win,RedCards,0
2005/06,Away,Win,RedCards,0
2005/06,Home,Win,RedCards,0
2005/06,Away,Win,RedCards,0
2005/06,Away,Win,RedCards,1
2005/06,Home,Win,RedCards,0
2005/06,Home,Win,RedCards,1
2005/06,Home,Win,RedCards,1
2005/06,Away,Win,RedCards,2
2005/06,Home,Win,RedCards,0
2005/06,Away,Draw,RedCards,0
2005/06,Home,Win,RedCards,1
2005/06,Away,Loss,RedCards,0
2005/06,Home,Draw,RedCards,1
2005/06,Away,Loss,RedCards,1
2005/06,Away,Loss,RedCards,0
2005/06,Away,Win,RedCards,0
2005/06,Home,Win,RedCards,0
2005/06,Home,Win,RedCards,1
2005/06,Home,Draw,RedCards,0
2005/06,Away,Loss,RedCards,1
2005/06,Home,Win,RedCards,0
2005/06,Away,Win,RedCards,1
2005/06,Home,Win,RedCards,2
2005/06,Away,Win,RedCards,0
2005/06,Home,Win,RedCards,0
2005/06,Away,Win,RedCards,0
2005/06,Away,Win,RedCards,2
2005/06,Home,Win,RedCards,0
2005/06,Away,Win,RedCards,0
2006/07,Away,Draw,RedCards,0
2006/07,Home,Win,RedCards,0
2006/07,Away,Loss,RedCards,0
2006/07,Away,Loss,RedCards,1
2006/07,Home,Win,RedCards,0
2006/07,Home,Win,RedCards,0
2006/07,Away,Loss,RedCards,0
2006/07,Home,Draw,RedCards,0
2006/07,Away,Loss,RedCards,0
2006/07,Home,Win,RedCards,0
2006/07,Home,Win,RedCards,0
2006/07,Away,Loss,RedCards,0
2006/07,Away,Draw,RedCards,0
2006/07,Home,Win,RedCards,0
2006/07,Home,Draw,RedCards,0
2006/07,Away,Win,RedCards,0
2006/07,Home,Win,RedCards,0
2006/07,Away,Win,RedCards,0
2006/07,Home,Win,RedCards,0
2006/07,Away,Loss,RedCards,0
2006/07,Away,Win,RedCards,0
2006/07,Home,Win,RedCards,0
2006/07,Away,Win,RedCards,0
2006/07,Home,Win,RedCards,0
2006/07,Away,Win,RedCards,0
2006/07,Home,Draw,RedCards,0
2006/07,Away,Loss,RedCards,0
2006/07,Home,Win,RedCards,0
2006/07,Home,Loss,RedCards,1
2006/07,Away,Draw,RedCards,0
2006/07,Home,Win,RedCards,0
2006/07,Away,Win,RedCards,0
2006/07,Away,Draw,RedCards,0
2006/07,Home,Win,RedCards,0
2006/07,Home,Win,RedCards,0
2006/07,Away,Loss,RedCards,0
2006/07,Away,Loss,RedCards,1
2006/07,Home,Draw,RedCards,0
2007/08,Away,Win,RedCards,0
2007/08,Home,Draw,RedCards,0
2007/08,Away,Win,RedCards,0
2007/08,Home,Win,RedCards,0
2007/08,Away,Draw,RedCards,0
2007/08,Home,Draw,RedCards,0
2007/08,Away,Win,RedCards,0
2007/08,Home,Draw,RedCards,0
2007/08,Away,Win,RedCards,2
2007/08,Home,Draw,RedCards,0
2007/08,Away,Draw,RedCards,0
2007/08,Home,Win,RedCards,0
2007/08,Away,Win,RedCards,0
2007/08,Home,Win,RedCards,0
2007/08,Away,Loss,RedCards,0
2007/08,Home,Loss,RedCards,0
2007/08,Home,Win,RedCards,0
2007/08,Away,Win,RedCards,0
2007/08,Away,Draw,RedCards,0
2007/08,Home,Draw,RedCards,0
2007/08,Away,Draw,RedCards,0
2007/08,Home,Draw,RedCards,0
2007/08,Away,Loss,RedCards,0
2007/08,Home,Win,RedCards,0
2007/08,Away,Draw,RedCards,0
2007/08,Home,Win,RedCards,1
2007/08,Away,Win,RedCards,0
2007/08,Home,Win,RedCards,0
2007/08,Home,Win,RedCards,0
2007/08,Home,Win,RedCards,0
2007/08,Away,Loss,RedCards,1
2007/08,Home,Win,RedCards,0
2007/08,Away,Draw,RedCards,0
2007/08,Home,Win,RedCards,0
2007/08,Away,Win,RedCards,0
2007/08,Away,Draw,RedCards,0
2007/08,Home,Win,RedCards,0
2007/08,Away,Win,RedCards,0
2008/09,Away,Win,RedCards,0
2008/09,Home,Win,RedCards,0
2008/09,Away,Draw,RedCards,0
2008/09,Home,Win,RedCards,1
2008/09,Home,Draw,RedCards,0
2008/09,Away,Win,RedCards,1
2008/09,Away,Win,RedCards,1
2008/09,Home,Win,RedCards,1
2008/09,Away,Win,RedCards,0
2008/09,Home,Win,RedCards,0
2008/09,Away,Loss,RedCards,0
2008/09,Home,Win,RedCards,0
2008/09,Away,Win,RedCards,0
2008/09,Home,Draw,RedCards,0
2008/09,Home,Draw,RedCards,0
2008/09,Away,Win,RedCards,0
2008/09,Home,Draw,RedCards,0
2008/09,Away,Draw,RedCards,1
2008/09,Home,Win,RedCards,0
2008/09,Away,Win,RedCards,0
2008/09,Away,Draw,RedCards,0
2008/09,Home,Draw,RedCards,0
2008/09,Away,Draw,RedCards,0
2008/09,Home,Win,RedCards,1
2008/09,Away,Win,RedCards,0
2008/09,Home,Draw,RedCards,0
2008/09,Away,Loss,RedCards,0
2008/09,Home,Win,RedCards,0
2008/09,Away,Win,RedCards,1
2008/09,Home,Win,RedCards,1
2008/09,Away,Win,RedCards,0
2008/09,Home,Win,RedCards,0
2008/09,Home,Draw,RedCards,0
2008/09,Away,Win,RedCards,1
2008/09,Home,Win,RedCards,1
2008/09,Away,Win,RedCards,0
2008/09,Away,Win,RedCards,0
2008/09,Home,Win,RedCards,0
2009/10,Away,Loss,RedCards,0
2009/10,Home,Win,RedCards,0
2009/10,Home,Loss,RedCards,0
2009/10,Away,Win,RedCards,1
2009/10,Home,Win,RedCards,0
2009/10,Away,Win,RedCards,0
2009/10,Home,Win,RedCards,0
2009/10,Away,Loss,RedCards,0
2009/10,Away,Loss,RedCards,0
2009/10,Home,Win,RedCards,2
2009/10,Away,Loss,RedCards,2
2009/10,Home,Draw,RedCards,0
2009/10,Home,Draw,RedCards,0
2009/10,Away,Win,RedCards,0
2009/10,Away,Draw,RedCards,0
2009/10,Home,Loss,RedCards,0
2009/10,Home,Win,RedCards,0
2009/10,Away,Loss,RedCards,1
2009/10,Home,Win,RedCards,1
2009/10,Away,Win,RedCards,0
2009/10,Away,Draw,RedCards,0
2009/10,Home,Win,RedCards,0
2009/10,Away,Draw,RedCards,0
2009/10,Home,Win,RedCards,0
2009/10,Home,Win,RedCards,2
2009/10,Away,Loss,RedCards,0
2009/10,Away,Draw,RedCards,0
2009/10,Home,Win,RedCards,0
2009/10,Away,Loss,RedCards,0
2009/10,Home,Win,RedCards,0
2009/10,Away,Loss,RedCards,0
2009/10,Home,Win,RedCards,0
2009/10,Away,Draw,RedCards,0
2009/10,Home,Draw,RedCards,0
2009/10,Home,Win,RedCards,0
2009/10,Away,Win,RedCards,0
2009/10,Home,Loss,RedCards,0
2009/10,Away,Draw,RedCards,0
2010/11,Home,Draw,RedCards,2
2010/11,Away,Loss,RedCards,0
2010/11,Home,Win,RedCards,1
2010/11,Away,Draw,RedCards,0
2010/11,Away,Loss,RedCards,0
2010/11,Home,Draw,RedCards,0
2010/11,Home,Loss,RedCards,0
2010/11,Away,Loss,RedCards,0
2010/11,Home,Win,RedCards,0
2010/11,Away,Win,RedCards,0
2010/11,Home,Win,RedCards,0
2010/11,Away,Draw,RedCards,0
2010/11,Away,Loss,RedCards,1
2010/11,Home,Win,RedCards,0
2010/11,Away,Loss,RedCards,0
2010/11,Home,Win,RedCards,0
2010/11,Away,Loss,RedCards,0
2010/11,Home,Loss,RedCards,0
2010/11,Home,Win,RedCards,0
2010/11,Away,Loss,RedCards,0
2010/11,Away,Loss,RedCards,0
2010/11,Home,Draw,RedCards,0
2010/11,Away,Win,RedCards,0
2010/11,Home,Win,RedCards,0
2010/11,Home,Win,RedCards,0
2010/11,Away,Win,RedCards,0
2010/11,Home,Draw,RedCards,0
2010/11,Away,Loss,RedCards,0
2010/11,Home,Win,RedCards,0
2010/11,Away,Win,RedCards,1
2010/11,Away,Loss,RedCards,0
2010/11,Home,Win,RedCards,0
2010/11,Away,Draw,RedCards,0
2010/11,Home,Win,RedCards,0
2010/11,Home,Win,RedCards,0
2010/11,Away,Win,RedCards,0
2010/11,Home,Loss,RedCards,0
2010/11,Away,Loss,RedCards,0
2011/12,Home,Draw,RedCards,0
2011/12,Away,Win,RedCards,1
2011/12,Home,Win,RedCards,0
2011/12,Away,Loss,RedCards,0
2011/12,Away,Loss,RedCards,2
2011/12,Home,Win,RedCards,0
2011/12,Away,Win,RedCards,1
2011/12,Home,Draw,RedCards,0
2011/12,Home,Draw,RedCards,0
2011/12,Away,Win,RedCards,0
2011/12,Home,Draw,RedCards,0
2011/12,Away,Win,RedCards,0
2011/12,Home,Draw,RedCards,1
2011/12,Away,Loss,RedCards,1
2011/12,Home,Win,RedCards,0
2011/12,Away,Win,RedCards,0
2011/12,Away,Draw,RedCards,0
2011/12,Home,Draw,RedCards,0
2011/12,Home,Win,RedCards,0
2011/12,Away,Loss,RedCards,1
2011/12,Home,Draw,RedCards,0
2011/12,Away,Loss,RedCards,0
2011/12,Away,Win,RedCards,0
2011/12,Home,Draw,RedCards,0
2011/12,Away,Loss,RedCards,0
2011/12,Home,Loss,RedCards,0
2011/12,Away,Loss,RedCards,0
2011/12,Home,Win,RedCards,0
2011/12,Away,Loss,RedCards,0
2011/12,Home,Loss,RedCards,0
2011/12,Away,Loss,RedCards,1
2011/12,Home,Draw,RedCards,0
2011/12,Away,Win,RedCards,1
2011/12,Home,Loss,RedCards,0
2011/12,Away,Win,RedCards,0
2011/12,Home,Loss,RedCards,0
2011/12,Home,Win,RedCards,0
2011/12,Away,Loss,RedCards,0
2012/13,Away,Loss,RedCards,1
2012/13,Home,Draw,RedCards,0
2012/13,Home,Loss,RedCards,0
2012/13,Away,Draw,RedCards,0
2012/13,Home,Loss,RedCards,1
2012/13,Away,Win,RedCards,0
2012/13,Home,Draw,RedCards,0
2012/13,Home,Win,RedCards,0
2012/13,Away,Draw,RedCards,0
2012/13,Home,Draw,RedCards,1
2012/13,Away,Draw,RedCards,0
2012/13,Home,Win,RedCards,0
2012/13,Away,Draw,RedCards,0
2012/13,Away,Loss,RedCards,0
2012/13,Home,Win,RedCards,0
2012/13,Away,Win,RedCards,0
2012/13,Home,Loss,RedCards,0
2012/13,Home,Win,RedCards,0
2012/13,Away,Loss,RedCards,0
2012/13,Away,Win,RedCards,0
2012/13,Home,Win,RedCards,0
2012/13,Away,Loss,RedCards,0
2012/13,Home,Win,RedCards,0
2012/13,Away,Draw,RedCards,0
2012/13,Away,Draw,RedCards,0
2012/13,Home,Loss,RedCards,0
2012/13,Home,Win,RedCards,0
2012/13,Away,Win,RedCards,0
2012/13,Home,Win,RedCards,0
2012/13,Away,Loss,RedCards,0
2012/13,Away,Win,RedCards,0
2012/13,Home,Draw,RedCards,0
2012/13,Away,Draw,RedCards,0
2012/13,Home,Draw,RedCards,0
2012/13,Away,Win,RedCards,1
2012/13,Home,Draw,RedCards,0
2012/13,Away,Win,RedCards,0
2012/13,Home,Win,RedCards,0
2013/14,Home,Win,RedCards,0
2013/14,Away,Win,RedCards,0
2013/14,Home,Win,RedCards,0
2013/14,Away,Draw,RedCards,0
2013/14,Home,Loss,RedCards,0
2013/14,Away,Win,RedCards,0
2013/14,Home,Win,RedCards,0
2013/14,Away,Draw,RedCards,1
2013/14,Home,Win,RedCards,0
2013/14,Away,Loss,RedCards,0
2013/14,Home,Win,RedCards,0
2013/14,Away,Draw,RedCards,0
2013/14,Away,Loss,RedCards,0
2013/14,Home,Win,RedCards,0
2013/14,Home,Win,RedCards,1
2013/14,Away,Win,RedCards,1
2013/14,Home,Win,RedCards,0
2013/14,Away,Loss,RedCards,0
2013/14,Away,Loss,RedCards,0
2013/14,Home,Win,RedCards,0
2013/14,Away,Win,RedCards,0
2013/14,Home,Draw,RedCards,0
2013/14,Home,Win,RedCards,0
2013/14,Away,Draw,RedCards,0
2013/14,Home,Win,RedCards,0
2013/14,Away,Win,RedCards,0
2013/14,Home,Win,RedCards,0
2013/14,Away,Win,RedCards,0
2013/14,Away,Win,RedCards,1
2013/14,Away,Win,RedCards,0
2013/14,Home,Win,RedCards,0
2013/14,Home,Win,RedCards,0
2013/14,Away,Win,RedCards,0
2013/14,Home,Win,RedCards,1
2013/14,Away,Win,RedCards,0
2013/14,Home,Loss,RedCards,0
2013/14,Away,Draw,RedCards,0
2013/14,Home,Win,RedCards,2
2014/15,Home,Win,RedCards,0
2014/15,Away,Loss,RedCards,0
2014/15,Away,Win,RedCards,0
2014/15,Home,Loss,RedCards,0
2014/15,Away,Loss,RedCards,0
2014/15,Home,Draw,RedCards,0
2014/15,Home,Win,RedCards,0
2014/15,Away,Win,RedCards,0
2014/15,Home,Draw,RedCards,0
2014/15,Away,Loss,RedCards,0
2014/15,Home,Loss,RedCards,0
2014/15,Away,Loss,RedCards,0
2014/15,Home,Win,RedCards,0
2014/15,Away,Win,RedCards,1
2014/15,Home,Draw,RedCards,0
2014/15,Away,Loss,RedCards,0
2014/15,Home,Draw,RedCards,1
2014/15,Away,Win,RedCards,0
2014/15,Home,Win,RedCards,0
2014/15,Home,Draw,RedCards,0
2014/15,Away,Win,RedCards,1
2014/15,Away,Win,RedCards,0
2014/15,Home,Win,RedCards,0
2014/15,Away,Draw,RedCards,0
2014/15,Home,Win,RedCards,0
2014/15,Away,Win,RedCards,0
2014/15,Home,Win,RedCards,0
2014/15,Home,Win,RedCards,0
2014/15,Away,Win,RedCards,0
2014/15,Home,Loss,RedCards,1
2014/15,Away,Loss,RedCards,1
2014/15,Home,Win,RedCards,1
2014/15,Away,Draw,RedCards,0
2014/15,Away,Loss,RedCards,0
2014/15,Home,Win,RedCards,1
2014/15,Away,Draw,RedCards,0
2014/15,Home,Loss,RedCards,0
2014/15,Away,Loss,RedCards,0
2015/16,Away,Win,RedCards,0
2015/16,Home,Win,RedCards,0
2015/16,Away,Draw,RedCards,0
2015/16,Home,Loss,RedCards,2
2015/16,Away,Loss,RedCards,0
2015/16,Home,Draw,RedCards,0
2015/16,Home,Win,RedCards,0
2015/16,Away,Draw,RedCards,0
2015/16,Away,Draw,RedCards,0
2015/16,Home,Draw,RedCards,1
2015/16,Away,Win,RedCards,0
2015/16,Home,Loss,RedCards,0
2015/16,Away,Win,RedCards,0
2015/16,Home,Win,RedCards,0
2015/16,Away,Loss,RedCards,0
2015/16,Home,Draw,RedCards,0
2015/16,Away,Loss,RedCards,0
2015/16,Home,Win,RedCards,0
2015/16,Away,Win,RedCards,0
2015/16,Away,Loss,RedCards,0
2015/16,Home,Draw,RedCards,0
2015/16,Home,Loss,RedCards,0
2015/16,Away,Win,RedCards,0
2015/16,Away,Loss,RedCards,0
2015/16,Home,Draw,RedCards,0
2015/16,Away,Win,RedCards,0
2015/16,Home,Win,RedCards,0
2015/16,Away,Win,RedCards,1
2015/16,Away,Loss,RedCards,0
2015/16,Home,Draw,RedCards,0
2015/16,Home,Win,RedCards,0
2015/16,Away,Win,RedCards,0
2015/16,Home,Win,RedCards,1
2015/16,Home,Draw,RedCards,0
2015/16,Away,Loss,RedCards,1
2015/16,Home,Win,RedCards,0
2015/16,Home,Draw,RedCards,0
2015/16,Away,Draw,RedCards,0
2016/17,Away,Win,RedCards,0
2016/17,Away,Loss,RedCards,0
2016/17,Away,Draw,RedCards,0
2016/17,Home,Win,RedCards,0
2016/17,Away,Win,RedCards,0
2016/17,Home,Win,RedCards,1
2016/17,Away,Win,RedCards,0
2016/17,Home,Draw,RedCards,0
2016/17,Home,Win,RedCards,0
2016/17,Away,Win,RedCards,0
2016/17,Home,Win,RedCards,0
2016/17,Away,Draw,RedCards,0
2016/17,Home,Win,RedCards,0
2016/17,Away,Loss,RedCards,0
2016/17,Home,Draw,RedCards,0
2016/17,Away,Win,RedCards,0
2016/17,Away,Win,RedCards,0
2016/17,Home,Win,RedCards,0
2016/17,Home,Win,RedCards,0
2016/17,Away,Draw,RedCards,0
2016/17,Away,Draw,RedCards,0
2016/17,Home,Loss,RedCards,0
2016/17,Home,Draw,RedCards,0
2016/17,Away,Loss,RedCards,0
2016/17,Home,Win,RedCards,0
2016/17,Away,Loss,RedCards,0
2016/17,Home,Win,RedCards,0
2016/17,Home,Win,RedCards,0
2016/17,Away,Draw,RedCards,0
2016/17,Home,Win,RedCards,0
2016/17,Home,Draw,RedCards,0
2016/17,Away,Win,RedCards,0
2016/17,Away,Win,RedCards,0
2016/17,Home,Loss,RedCards,0
2016/17,Away,Win,RedCards,0
2016/17,Home,Draw,RedCards,0
2016/17,Away,Win,RedCards,0
2016/17,Home,Win,RedCards,0
2017/18,Away,Draw,RedCards,0
2017/18,Home,Win,RedCards,0
2017/18,Home,Win,RedCards,0
2017/18,Away,Loss,RedCards,1
2017/18,Home,Draw,RedCards,0
2017/18,Away,Win,RedCards,0
2017/18,Away,Draw,RedCards,0
2017/18,Home,Draw,RedCards,0
2017/18,Away,Loss,RedCards,0
2017/18,Home,Win,RedCards,0
2017/18,Away,Win,RedCards,0
2017/18,Home,Win,RedCards,0
2017/18,Home,Draw,RedCards,0
2017/18,Away,Win,RedCards,0
2017/18,Away,Win,RedCards,0
2017/18,Home,Draw,RedCards,0
2017/18,Home,Draw,RedCards,0
2017/18,Away,Win,RedCards,0
2017/18,Away,Draw,RedCards,0
2017/18,Home,Win,RedCards,0
2017/18,Home,Win,RedCards,0
2017/18,Away,Win,RedCards,0
2017/18,Home,Win,RedCards,0
2017/18,Away,Loss,RedCards,0
2017/18,Away,Win,RedCards,0
2017/18,Home,Draw,RedCards,0
2017/18,Away,Win,RedCards,0
2017/18,Home,Win,RedCards,0
2017/18,Home,Win,RedCards,0
2017/18,Away,Loss,RedCards,0
2017/18,Home,Win,RedCards,0
2017/18,Away,Win,RedCards,0
2017/18,Away,Draw,RedCards,0
2017/18,Home,Win,RedCards,0
2017/18,Away,Draw,RedCards,0
2017/18,Home,Draw,RedCards,0
2017/18,Away,Loss,RedCards,0
2017/18,Home,Win,RedCards,0
2018/19,Home,Win,RedCards,0
2018/19,Away,Win,RedCards,1
2018/19,Home,Win,RedCards,0
2018/19,Away,Win,RedCards,0
2018/19,Away,Win,RedCards,0
2018/19,Home,Win,RedCards,0
2018/19,Away,Draw,RedCards,0
2018/19,Home,Draw,RedCards,0
2018/19,Away,Win,RedCards,0
2018/19,Home,Win,RedCards,0
2018/19,Away,Draw,RedCards,0
2018/19,Home,Win,RedCards,0
2018/19,Away,Win,RedCards,1
2018/19,Home,Win,RedCards,0
2018/19,Away,Win,RedCards,0
2018/19,Away,Win,RedCards,0
2018/19,Home,Win,RedCards,0
2018/19,Away,Win,RedCards,0
2018/19,Home,Win,RedCards,0
2018/19,Home,Win,RedCards,0
2018/19,Away,Loss,RedCards,0
2018/19,Away,Win,RedCards,0
2018/19,Home,Win,RedCards,1
2018/19,Home,Draw,RedCards,0
2018/19,Away,Draw,RedCards,0
2018/19,Home,Win,RedCards,0
2018/19,Away,Draw,RedCards,0
2018/19,Home,Win,RedCards,0
2018/19,Away,Draw,RedCards,0
2018/19,Home,Win,RedCards,0
2018/19,Away,Win,RedCards,0
2018/19,Home,Win,RedCards,0
2018/19,Away,Win,RedCards,0
2018/19,Home,Win,RedCards,0
2018/19,Away,Win,RedCards,0
2018/19,Home,Win,RedCards,0
2018/19,Away,Win,RedCards,0
2018/19,Home,Win,RedCards,0
2019/20,Home,Win,RedCards,0
2019/20,Away,Win,RedCards,0
2019/20,Home,Win,RedCards,0
2019/20,Away,Win,RedCards,0
2019/20,Home,Win,RedCards,0
2019/20,Away,Win,RedCards,0
2019/20,Away,Win,RedCards,0
2019/20,Home,Win,RedCards,0
2019/20,Away,Draw,RedCards,0
2019/20,Home,Win,RedCards,0
2019/20,Away,Win,RedCards,0
2019/20,Home,Win,RedCards,0
2019/20,Away,Win,RedCards,0
2019/20,Home,Win,RedCards,1
2019/20,Home,Win,RedCards,0
2019/20,Away,Win,RedCards,0
2019/20,Home,Win,RedCards,0
2019/20,Away,Win,RedCards,0
2019/20,Home,Win,RedCards,0
2019/20,Home,Win,RedCards,0
2019/20,Away,Win,RedCards,0
2019/20,Home,Win,RedCards,0
2019/20,Away,Win,RedCards,0
2019/20,Away,Win,RedCards,0
2019/20,Home,Win,RedCards,0
2019/20,Away,Win,RedCards,0
2019/20,Home,Win,RedCards,0
2019/20,Away,Loss,RedCards,0
2019/20,Home,Win,RedCards,0
2019/20,Away,Draw,RedCards,0
2019/20,Home,Win,RedCards,0
2019/20,Away,Loss,RedCards,0
2019/20,Home,Win,RedCards,0
2019/20,Away,Win,RedCards,0
2019/20,Home,Draw,RedCards,0
2019/20,Away,Loss,RedCards,0
2019/20,Home,Win,RedCards,0
2019/20,Away,Win,RedCards,0
2020/21,Home,Win,RedCards,0
2020/21,Away,Win,RedCards,1
2020/21,Home,Win,RedCards,0
2020/21,Away,Loss,RedCards,0
2020/21,Away,Draw,RedCards,1
2020/21,Home,Win,RedCards,0
2020/21,Home,Win,RedCards,0
2020/21,Away,Draw,RedCards,0
2020/21,Home,Win,RedCards,0
2020/21,Away,Draw,RedCards,0
2020/21,Home,Win,RedCards,0
2020/21,Away,Draw,RedCards,0
2020/21,Home,Win,RedCards,0
2020/21,Away,Win,RedCards,0
2020/21,Home,Draw,RedCards,0
2020/21,Away,Draw,RedCards,0
2020/21,Away,Loss,RedCards,0
2020/21,Home,Draw,RedCards,0
2020/21,Home,Loss,RedCards,0
2020/21,Away,Win,RedCards,0
2020/21,Away,Win,RedCards,0
2020/21,Home,Loss,RedCards,0
2020/21,Home,Loss,RedCards,0
2020/21,Away,Loss,RedCards,0
2020/21,Home,Loss,RedCards,0
2020/21,Away,Win,RedCards,0
2020/21,Home,Loss,RedCards,0
2020/21,Home,Loss,RedCards,0
2020/21,Away,Win,RedCards,0
2020/21,Away,Win,RedCards,0
2020/21,Home,Win,RedCards,0
2020/21,Away,Draw,RedCards,0
2020/21,Home,Draw,RedCards,0
2020/21,Home,Win,RedCards,0
2020/21,Away,Win,RedCards,0
2020/21,Away,Win,RedCards,0
2020/21,Away,Win,RedCards,0
2020/21,Home,Win,RedCards,0
2021/22,Away,Win,RedCards,0
2021/22,Home,Win,RedCards,0
2021/22,Home,Draw,RedCards,1
2021/22,Away,Win,RedCards,1
2021/22,Home,Win,RedCards,0
2021/22,Away,Draw,RedCards,0
2021/22,Home,Draw,RedCards,0
2021/22,Away,Win,RedCards,0
2021/22,Away,Win,RedCards,1
2021/22,Home,Draw,RedCards,0
2021/22,Away,Loss,RedCards,0
2021/22,Home,Win,RedCards,0
2021/22,Home,Win,RedCards,0
2021/22,Away,Win,RedCards,0
2021/22,Away,Win,RedCards,0
2021/22,Home,Win,RedCards,0
2021/22,Home,Win,RedCards,0
2021/22,Away,Draw,RedCards,1
2021/22,Away,Loss,RedCards,0
2021/22,Away,Draw,RedCards,0
2021/22,Home,Win,RedCards,0
2021/22,Away,Win,RedCards,0
2021/22,Home,Win,RedCards,0
2021/22,Away,Win,RedCards,0
2021/22,Home,Win,RedCards,0
2021/22,Home,Win,RedCards,0
2021/22,Home,Win,RedCards,0
2021/22,Away,Win,RedCards,0
2021/22,Away,Win,RedCards,0
2021/22,Home,Win,RedCards,0
2021/22,Away,Draw,RedCards,0
2021/22,Home,Win,RedCards,0
2021/22,Home,Win,RedCards,0
2021/22,Away,Win,RedCards,0
2021/22,Home,Draw,RedCards,0
2021/22,Away,Win,RedCards,0
2021/22,Away,Win,RedCards,0
2021/22,Home,Win,RedCards,0
2022/23,Away,Draw,RedCards,0
2022/23,Home,Draw,RedCards,1
2022/23,Away,Loss,RedCards,0
2022/23,Home,Win,RedCards,0
2022/23,Home,Win,RedCards,0
2022/23,Away,Draw,RedCards,0
2022/23,Home,Draw,RedCards,0
2022/23,Away,Loss,RedCards,0
2022/23,Home,Win,RedCards,0
2022/23,Home,Win,RedCards,0
2022/23,Away,Loss,RedCards,0
2022/23,Home,Loss,RedCards,0
2022/23,Away,Win,RedCards,0
2022/23,Home,Win,RedCards,0
2022/23,Away,Win,RedCards,0
2022/23,Home,Win,RedCards,0
2022/23,Away,Loss,RedCards,0
2022/23,Away,Loss,RedCards,0
2022/23,Home,Draw,RedCards,0
2022/23,Away,Loss,RedCards,0
2022/23,Home,Win,RedCards,0
2022/23,Away,Win,RedCards,1
2022/23,Away,Draw,RedCards,0
2022/23,Home,Win,RedCards,0
2022/23,Home,Win,RedCards,0
2022/23,Away,Loss,RedCards,0
2022/23,Away,Loss,RedCards,0
2022/23,Away,Draw,RedCards,0
2022/23,Home,Draw,RedCards,0
2022/23,Away,Win,RedCards,0
2022/23,Home,Win,RedCards,0
2022/23,Away,Win,RedCards,0
2022/23,Home,Win,RedCards,0
2022/23,Home,Win,RedCards,0
2022/23,Home,Win,RedCards,0
2022/23,Away,Win,RedCards,0
2022/23,Home,Draw,RedCards,0
2022/23,Away,Draw,RedCards,0
2023/24,Away,Draw,RedCards,0
2023/24,Home,Win,RedCards,1
2023/24,Away,Win,RedCards,1
2023/24,Home,Win,RedCards,0
2023/24,Away,Win,RedCards,0
2023/24,Home,Win,RedCards,0
2023/24,Away,Loss,RedCards,2
2023/24,Away,Draw,RedCards,0
2023/24,Home,Win,RedCards,1
2023/24,Home,Win,RedCards,0
2023/24,Away,Draw,RedCards,0
2023/24,Home,Win,RedCards,0
2023/24,Away,Draw,RedCards,0
2023/24,Home,Win,RedCards,0
2023/24,Away,Win,RedCards,0
2023/24,Away,Win,RedCards,1
2023/24,Home,Draw,RedCards,1
2023/24,Home,Draw,RedCards,0
2023/24,Away,Win,RedCards,0
2023/24,Home,Win,RedCards,0
2023/24,Away,Win,RedCards,0
2023/24,Home,Win,RedCards,0
2023/24,Away,Loss,RedCards,1
2023/24,Home,Win,RedCards,0
2023/24,Away,Win,RedCards,0
2023/24,Home,Win,RedCards,0
2023/24,Away,Win,RedCards,0
2023/24,Home,Draw,RedCards,0
2023/24,Home,Win,RedCards,0
2023/24,Home,Win,RedCards,0
2023/24,Away,Draw,RedCards,0
2023/24,Home,Loss,RedCards,0
2023/24,Away,Win,RedCards,0
2023/24,Away,Loss,RedCards,0
2023/24,Away,Draw,RedCards,0
2023/24,Home,Win,RedCards,0
2023/24,Away,Draw,RedCards,0
2023/24,Home,Win,RedCards,1
2024/25,Away,Win,RedCards,0
2024/25,Home,Win,RedCards,0
2024/25,Away,Win,RedCards,0
2024/25,Home,Loss,RedCards,0
2024/25,Home,Win,RedCards,0
2024/25,Away,Win,RedCards,0
2024/25,Away,Win,RedCards,0
2024/25,Home,Win,RedCards,0
2024/25,Away,Draw,RedCards,0
2024/25,Home,Win,RedCards,0
2024/25,Home,Win,RedCards,0
2024/25,Away,Win,RedCards,0
2024/25,Home,Win,RedCards,0
2024/25,Away,Draw,RedCards,0
2024/25,Home,Draw,RedCards,1
2024/25,Away,Win,RedCards,0
2024/25,Home,Win,RedCards,0
2024/25,Away,Win,RedCards,0
2024/25,Home,Draw,RedCards,0
2024/25,Away,Draw,RedCards,0
2024/25,Away,Win,RedCards,0
2024/25,Home,Win,RedCards,0
2024/25,Away,Win,RedCards,0
2024/25,Away,Draw,RedCards,2
2024/25,Home,Win,RedCards,0
2024/25,Away,Draw,RedCards,0
2024/25,Away,Win,RedCards,0
2024/25,Home,Win,RedCards,0
2024/25,Home,Win,RedCards,0
2024/25,Home,Win,RedCards,0
2024/25,Away,Loss,RedCards,0
2024/25,Home,Win,RedCards,0
2024/25,Away,Win,RedCards,0
2024/25,Home,Win,RedCards,0
2024/25,Away,Loss,RedCards,0
