GW,Home,Away,xG_Home,xG_Away,G_Home,G_Away
1,Fulham,Arsenal,0.2,1.8,0,3
1,Crystal Palace,Southampton,0.7,0.8,1,0
1,Liverpool,Leeds United,3.3,0.6,4,3
1,West Ham,Newcastle Utd,1.1,1.5,0,2
1,West Brom,Leicester City,0.5,2.2,0,3
1,Tottenham,Everton,1,1.4,0,1
1,Sheffield Utd,Wolves,0.6,1.1,0,2
1,Brighton,Chelsea,1.4,1.2,1,3
2,Everton,West Brom,3.4,0.3,5,2
2,Leeds United,Fulham,1.7,1.8,4,3
2,Manchester Utd,Crystal Palace,1.1,1.6,1,3
2,Arsenal,West Ham,1.4,1.9,2,1
2,Southampton,Tottenham,1.5,2.5,2,5
2,Newcastle Utd,Brighton,0.5,1.6,0,3
2,Chelsea,Liverpool,1,2.6,0,2
2,Leicester City,Burnley,1.4,1.9,4,2
2,Aston Villa,Sheffield Utd,1,0.9,1,0
2,Wolves,Manchester City,1,1.9,1,3
3,Brighton,Manchester Utd,2.4,1.1,2,3
3,Crystal Palace,Everton,0.4,2,1,2
3,West Brom,Chelsea,1,2.2,3,3
3,Burnley,Southampton,0.5,0.6,0,1
3,Sheffield Utd,Leeds United,1.6,1.6,0,1
3,Tottenham,Newcastle Utd,2.3,1,1,1
3,Manchester City,Leicester City,0.9,2.6,2,5
3,West Ham,Wolves,1.6,0.5,4,0
3,Fulham,Aston Villa,0.7,1.6,0,3
3,Liverpool,Arsenal,3,1.2,3,1
4,Chelsea,Crystal Palace,2.5,0.1,4,0
4,Everton,Brighton,1.8,1.2,4,2
4,Leeds United,Manchester City,1.7,1.5,1,1
4,Newcastle Utd,Burnley,2,0.6,3,1
4,Leicester City,West Ham,0.4,1.6,0,3
4,Southampton,West Brom,1.2,0.1,2,0
4,Arsenal,Sheffield Utd,0.4,0.2,2,1
4,Wolves,Fulham,1.2,0.7,1,0
4,Manchester Utd,Tottenham,0.9,3.8,1,6
4,Aston Villa,Liverpool,3.9,1.8,7,2
5,Everton,Liverpool,1.3,2.2,2,2
5,Chelsea,Southampton,2,2.2,3,3
5,Manchester City,Arsenal,1.4,0.9,1,0
5,Newcastle Utd,Manchester Utd,0.5,2.7,1,4
5,Sheffield Utd,Fulham,1.4,1.9,1,1
5,Crystal Palace,Brighton,0.8,1.4,1,1
5,Tottenham,West Ham,1.2,2.1,3,3
5,Leicester City,Aston Villa,0.6,0.7,0,1
5,West Brom,Burnley,1,1.1,0,0
5,Leeds United,Wolves,1.6,0.5,0,1
6,Aston Villa,Leeds United,1.2,3.4,0,3
6,West Ham,Manchester City,0.5,1.1,1,1
6,Fulham,Crystal Palace,1.1,2.6,1,2
6,Manchester Utd,Chelsea,0.7,0.2,0,0
6,Liverpool,Sheffield Utd,2.5,1.5,2,1
6,Southampton,Everton,0.7,0.4,2,0
6,Wolves,Newcastle Utd,0.7,0.2,1,1
6,Arsenal,Leicester City,0.9,1.2,0,1
6,Brighton,West Brom,0.7,0.5,1,1
6,Burnley,Tottenham,0.6,0.6,0,1
7,Sheffield Utd,Manchester City,0.4,1.5,0,1
7,Wolves,Crystal Palace,1.3,0.6,2,0
7,Tottenham,Brighton,1.8,0.4,2,1
7,Burnley,Chelsea,0.4,0.9,0,3
7,Fulham,West Brom,1.6,0.5,2,0
7,Aston Villa,Southampton,1.8,0.7,3,4
7,Liverpool,West Ham,1.8,0.5,2,1
7,Newcastle Utd,Everton,2.5,1.2,2,1
7,Manchester Utd,Arsenal,0.4,1.1,0,1
7,Leeds United,Leicester City,1,3.5,1,4
8,Brighton,Burnley,1.3,0.3,0,0
8,Southampton,Newcastle Utd,1,0.5,2,0
8,Everton,Manchester Utd,0.6,1.6,1,3
8,Crystal Palace,Leeds United,0.9,0.8,4,1
8,Chelsea,Sheffield Utd,2.7,0.6,4,1
8,West Ham,Fulham,1.2,1.7,1,0
8,West Brom,Tottenham,0.8,1.6,0,1
8,Leicester City,Wolves,1.9,0.5,1,0
8,Manchester City,Liverpool,1.6,1.4,1,1
8,Arsenal,Aston Villa,1.7,1.8,0,3
9,Burnley,Crystal Palace,,,,
9,Sheffield Utd,West Ham,,,,
9,Aston Villa,Brighton,,,,
9,Wolves,Southampton,,,,
9,Leeds United,Arsenal,,,,
9,Tottenham,Manchester City,,,,
9,Liverpool,Leicester City,,,,
9,Newcastle Utd,Chelsea,,,,
9,Manchester Utd,West Brom,,,,
9,Fulham,Everton,,,,
10,Arsenal,Wolves,,,,
10,Leicester City,Fulham,,,,
10,Southampton,Manchester Utd,,,,
10,West Ham,Aston Villa,,,,
10,Everton,Leeds United,,,,
10,West Brom,Sheffield Utd,,,,
10,Brighton,Liverpool,,,,
10,Manchester City,Burnley,,,,
10,Chelsea,Tottenham,,,,
10,Crystal Palace,Newcastle Utd,,,,
11,Sheffield Utd,Leicester City,,,,
11,Tottenham,Arsenal,,,,
11,Burnley,Everton,,,,
11,Brighton,Southampton,,,,
11,Manchester City,Fulham,,,,
11,West Ham,Manchester Utd,,,,
11,West Brom,Crystal Palace,,,,
11,Liverpool,Wolves,,,,
11,Aston Villa,Newcastle Utd,,,,
11,Chelsea,Leeds United,,,,
12,Everton,Chelsea,,,,
12,Newcastle Utd,West Brom,,,,
12,Wolves,Aston Villa,,,,
12,Manchester Utd,Manchester City,,,,
12,Crystal Palace,Tottenham,,,,
12,Leeds United,West Ham,,,,
12,Southampton,Sheffield Utd,,,,
12,Fulham,Liverpool,,,,
12,Arsenal,Burnley,,,,
12,Leicester City,Brighton,,,,
13,Arsenal,Southampton,,,,
13,Aston Villa,Burnley,,,,
13,Leicester City,Everton,,,,
13,Fulham,Brighton,,,,
13,West Ham,Crystal Palace,,,,
13,Leeds United,Newcastle Utd,,,,
13,Wolves,Chelsea,,,,
13,Sheffield Utd,Manchester Utd,,,,
13,Manchester City,West Brom,,,,
13,Liverpool,Tottenham,,,,
14,West Brom,Aston Villa,,,,
14,Burnley,Wolves,,,,
14,Newcastle Utd,Fulham,,,,
14,Everton,Arsenal,,,,
14,Brighton,Sheffield Utd,,,,
14,Southampton,Manchester City,,,,
14,Chelsea,West Ham,,,,
14,Tottenham,Leicester City,,,,
14,Manchester Utd,Leeds United,,,,
14,Crystal Palace,Liverpool,,,,
15,Sheffield Utd,Everton,,,,
15,Leicester City,Manchester Utd,,,,
15,Fulham,Southampton,,,,
15,Arsenal,Chelsea,,,,
15,Aston Villa,Crystal Palace,,,,
15,West Ham,Brighton,,,,
15,Manchester City,Newcastle Utd,,,,
15,Wolves,Tottenham,,,,
15,Leeds United,Burnley,,,,
15,Liverpool,West Brom,,,,
16,Southampton,West Ham,,,,
16,Crystal Palace,Leicester City,,,,
16,Chelsea,Aston Villa,,,,
16,Tottenham,Fulham,,,,
16,West Brom,Leeds United,,,,
16,Newcastle Utd,Liverpool,,,,
16,Manchester Utd,Wolves,,,,
16,Brighton,Arsenal,,,,
16,Burnley,Sheffield Utd,,,,
16,Everton,Manchester City,,,,
17,West Brom,Arsenal,,,,
17,Crystal Palace,Sheffield Utd,,,,
17,Tottenham,Leeds United,,,,
17,Burnley,Fulham,,,,
17,Newcastle Utd,Leicester City,,,,
17,Chelsea,Manchester City,,,,
17,Southampton,Liverpool,,,,
17,Brighton,Wolves,,,,
17,Manchester Utd,Aston Villa,,,,
17,Everton,West Ham,,,,
18,Wolves,Everton,,,,
18,West Ham,West Brom,,,,
18,Arsenal,Crystal Palace,,,,
18,Leeds United,Southampton,,,,
18,Aston Villa,Tottenham,,,,
18,Sheffield Utd,Newcastle Utd,,,,
18,Fulham,Manchester Utd,,,,
18,Leicester City,Chelsea,,,,
18,Liverpool,Burnley,,,,
18,Manchester City,Brighton,,,,
19,Leeds United,Brighton,,,,
19,Sheffield Utd,Tottenham,,,,
19,Arsenal,Newcastle Utd,,,,
19,Manchester City,Crystal Palace,,,,
19,West Ham,Burnley,,,,
19,Wolves,West Brom,,,,
19,Fulham,Chelsea,,,,
19,Aston Villa,Everton,,,,
19,Leicester City,Southampton,,,,
19,Liverpool,Manchester Utd,,,,
20,Brighton,Fulham,,,,
20,Burnley,Aston Villa,,,,
20,Everton,Leicester City,,,,
20,West Brom,Manchester City,,,,
20,Manchester Utd,Sheffield Utd,,,,
20,Chelsea,Wolves,,,,
20,Southampton,Arsenal,,,,
20,Newcastle Utd,Leeds United,,,,
20,Tottenham,Liverpool,,,,
20,Crystal Palace,West Ham,,,,
21,Arsenal,Manchester Utd,,,,
21,Manchester City,Sheffield Utd,,,,
21,Southampton,Aston Villa,,,,
21,Brighton,Tottenham,,,,
21,West Ham,Liverpool,,,,
21,West Brom,Fulham,,,,
21,Leicester City,Leeds United,,,,
21,Everton,Newcastle Utd,,,,
21,Crystal Palace,Wolves,,,,
21,Chelsea,Burnley,,,,
22,Burnley,Manchester City,,,,
22,Sheffield Utd,West Brom,,,,
22,Leeds United,Everton,,,,
22,Wolves,Arsenal,,,,
22,Fulham,Leicester City,,,,
22,Aston Villa,West Ham,,,,
22,Manchester Utd,Southampton,,,,
22,Newcastle Utd,Crystal Palace,,,,
22,Tottenham,Chelsea,,,,
22,Liverpool,Brighton,,,,
23,Fulham,West Ham,,,,
23,Burnley,Brighton,,,,
23,Newcastle Utd,Southampton,,,,
23,Leeds United,Crystal Palace,,,,
23,Manchester Utd,Everton,,,,
23,Aston Villa,Arsenal,,,,
23,Tottenham,West Brom,,,,
23,Liverpool,Manchester City,,,,
23,Sheffield Utd,Chelsea,,,,
23,Wolves,Leicester City,,,,
24,Crystal Palace,Burnley,,,,
24,Arsenal,Leeds United,,,,
24,Chelsea,Newcastle Utd,,,,
24,West Ham,Sheffield Utd,,,,
24,Southampton,Wolves,,,,
24,Leicester City,Liverpool,,,,
24,West Brom,Manchester Utd,,,,
24,Everton,Fulham,,,,
24,Brighton,Aston Villa,,,,
24,Manchester City,Tottenham,,,,
25,Fulham,Sheffield Utd,,,,
25,West Ham,Tottenham,,,,
25,Manchester Utd,Newcastle Utd,,,,
25,Brighton,Crystal Palace,,,,
25,Liverpool,Everton,,,,
25,Arsenal,Manchester City,,,,
25,Wolves,Leeds United,,,,
25,Burnley,West Brom,,,,
25,Aston Villa,Leicester City,,,,
25,Southampton,Chelsea,,,,
26,Manchester City,West Ham,,,,
26,Chelsea,Manchester Utd,,,,
26,Newcastle Utd,Wolves,,,,
26,Crystal Palace,Fulham,,,,
26,Tottenham,Burnley,,,,
26,Leeds United,Aston Villa,,,,
26,Everton,Southampton,,,,
26,West Brom,Brighton,,,,
26,Sheffield Utd,Liverpool,,,,
26,Leicester City,Arsenal,,,,
27,Burnley,Arsenal,,,,
27,Sheffield Utd,Southampton,,,,
27,West Ham,Leeds United,,,,
27,Liverpool,Fulham,,,,
27,Chelsea,Everton,,,,
27,West Brom,Newcastle Utd,,,,
27,Brighton,Leicester City,,,,
27,Tottenham,Crystal Palace,,,,
27,Aston Villa,Wolves,,,,
27,Manchester City,Manchester Utd,,,,
28,Newcastle Utd,Aston Villa,,,,
28,Arsenal,Tottenham,,,,
28,Leicester City,Sheffield Utd,,,,
28,Southampton,Brighton,,,,
28,Crystal Palace,West Brom,,,,
28,Leeds United,Chelsea,,,,
28,Everton,Burnley,,,,
28,Fulham,Manchester City,,,,
28,Manchester Utd,West Ham,,,,
28,Wolves,Liverpool,,,,
29,Tottenham,Southampton,,,,
29,West Brom,Everton,,,,
29,Fulham,Leeds United,,,,
29,Liverpool,Chelsea,,,,
29,Sheffield Utd,Aston Villa,,,,
29,West Ham,Arsenal,,,,
29,Crystal Palace,Manchester Utd,,,,
29,Manchester City,Wolves,,,,
29,Burnley,Leicester City,,,,
29,Brighton,Newcastle Utd,,,,
30,Everton,Crystal Palace,,,,
30,Leicester City,Manchester City,,,,
30,Newcastle Utd,Tottenham,,,,
30,Arsenal,Liverpool,,,,
30,Manchester Utd,Brighton,,,,
30,Southampton,Burnley,,,,
30,Leeds United,Sheffield Utd,,,,
30,Chelsea,West Brom,,,,
30,Wolves,West Ham,,,,
30,Aston Villa,Fulham,,,,
31,West Brom,Southampton,,,,
31,Liverpool,Aston Villa,,,,
31,Burnley,Newcastle Utd,,,,
31,West Ham,Leicester City,,,,
31,Fulham,Wolves,,,,
31,Tottenham,Manchester Utd,,,,
31,Manchester City,Leeds United,,,,
31,Brighton,Everton,,,,
31,Sheffield Utd,Arsenal,,,,
31,Crystal Palace,Chelsea,,,,
32,Newcastle Utd,West Ham,,,,
32,Aston Villa,Manchester City,,,,
32,Southampton,Crystal Palace,,,,
32,Wolves,Sheffield Utd,,,,
32,Manchester Utd,Burnley,,,,
32,Chelsea,Brighton,,,,
32,Everton,Tottenham,,,,
32,Arsenal,Fulham,,,,
32,Leicester City,West Brom,,,,
32,Leeds United,Liverpool,,,,
33,Leicester City,Crystal Palace,,,,
33,Aston Villa,West Brom,,,,
33,Manchester City,Southampton,,,,
33,Liverpool,Newcastle Utd,,,,
33,Arsenal,Everton,,,,
33,West Ham,Chelsea,,,,
33,Wolves,Burnley,,,,
33,Leeds United,Manchester Utd,,,,
33,Sheffield Utd,Brighton,,,,
33,Fulham,Tottenham,,,,
34,Southampton,Leicester City,,,,
34,West Brom,Wolves,,,,
34,Burnley,West Ham,,,,
34,Manchester Utd,Liverpool,,,,
34,Crystal Palace,Manchester City,,,,
34,Everton,Aston Villa,,,,
34,Chelsea,Fulham,,,,
34,Brighton,Leeds United,,,,
34,Tottenham,Sheffield Utd,,,,
34,Newcastle Utd,Arsenal,,,,
35,Manchester City,Chelsea,,,,
35,Aston Villa,Manchester Utd,,,,
35,Wolves,Brighton,,,,
35,Leeds United,Tottenham,,,,
35,Fulham,Burnley,,,,
35,Leicester City,Newcastle Utd,,,,
35,Arsenal,West Brom,,,,
35,West Ham,Everton,,,,
35,Liverpool,Southampton,,,,
35,Sheffield Utd,Crystal Palace,,,,
36,Everton,Sheffield Utd,,,,
36,Brighton,West Ham,,,,
36,Burnley,Leeds United,,,,
36,West Brom,Liverpool,,,,
36,Manchester Utd,Leicester City,,,,
36,Chelsea,Arsenal,,,,
36,Newcastle Utd,Manchester City,,,,
36,Tottenham,Wolves,,,,
36,Southampton,Fulham,,,,
36,Crystal Palace,Aston Villa,,,,
37,Chelsea,Leicester City,,,,
37,Manchester Utd,Fulham,,,,
37,Burnley,Liverpool,,,,
37,Newcastle Utd,Sheffield Utd,,,,
37,West Brom,West Ham,,,,
37,Tottenham,Aston Villa,,,,
37,Brighton,Manchester City,,,,
37,Crystal Palace,Arsenal,,,,
37,Southampton,Leeds United,,,,
37,Everton,Wolves,,,,
38,Wolves,Manchester Utd,,,,
38,Leeds United,West Brom,,,,
38,Leicester City,Tottenham,,,,
38,Manchester City,Everton,,,,
38,Aston Villa,Chelsea,,,,
38,Fulham,Newcastle Utd,,,,
38,West Ham,Southampton,,,,
38,Arsenal,Brighton,,,,
38,Sheffield Utd,Burnley,,,,
38,Liverpool,Crystal Palace,,,,
39,Burnley,Manchester Utd,,,,
39,Manchester City,Aston Villa,,,,
